,Comptage,annee,mois,joursem,weekend,vacances,feries,Pluie,Vent,Temperature,Neige
2021-01-01,32924.0,2021,1,4,0,1,1,0.0,2.143478260869565,2.273913043478261,0.0
2021-01-02,55207.0,2021,1,5,1,1,0,0.0,1.5166666666666666,2.2083333333333335,0.0
2021-01-03,46799.0,2021,1,6,1,1,0,0.0,2.4833333333333334,3.408333333333333,0.0
2021-01-04,89491.0,2021,1,0,0,0,0,0.2,3.545833333333333,3.0875,0.0
2021-01-05,101072.0,2021,1,1,0,0,0,0.0,3.545833333333333,3.0583333333333336,0.0
2021-01-06,102484.0,2021,1,2,0,0,0,0.0,2.9125,3.5708333333333333,0.0
2021-01-07,107335.0,2021,1,3,0,0,0,0.2,2.375,3.2916666666666665,0.0
2021-01-08,108664.0,2021,1,4,0,0,0,0.0,1.6791666666666665,2.8874999999999997,0.0
2021-01-09,97372.0,2021,1,5,1,0,0,0.0,3.4125,1.4166666666666667,0.0
2021-01-10,79721.0,2021,1,6,1,0,0,0.0,2.6999999999999997,1.4708333333333332,0.0
2021-01-11,109053.0,2021,1,0,0,0,0,0.0,2.670833333333333,3.2375000000000003,0.0
2021-01-12,90240.0,2021,1,1,0,0,0,5.8,3.9125,7.170833333333333,0.0
2021-01-13,97997.0,2021,1,2,0,0,0,2.1999999999999997,3.1333333333333333,8.229166666666666,0.0
2021-01-14,105280.0,2021,1,3,0,0,0,2.2,4.683333333333334,9.237499999999999,0.0
2021-01-15,110292.0,2021,1,4,0,0,0,0.0,4.920833333333333,2.2041666666666666,0.0
2021-01-16,36292.0,2021,1,5,1,0,0,9.799999999999999,2.6833333333333336,0.8875000000000001,23.0
2021-01-17,62536.0,2021,1,6,1,0,0,2.4,2.8125,5.945833333333333,2.0
2021-01-18,110533.0,2021,1,0,0,0,0,0.0,2.6416666666666666,5.0375000000000005,0.0
2021-01-19,98464.0,2021,1,1,0,0,0,2.8000000000000003,4.1875,5.866666666666667,0.0
2021-01-20,120586.0,2021,1,2,0,0,0,0.0,5.079166666666667,9.658333333333333,0.0
2021-01-21,102031.0,2021,1,3,0,0,0,14.4,6.354166666666667,8.816666666666666,0.0
2021-01-22,106106.0,2021,1,4,0,0,0,6.0,2.5416666666666665,6.05,0.0
2021-01-23,60329.0,2021,1,5,1,0,0,4.6000000000000005,3.7916666666666665,3.8625000000000003,0.0
2021-01-24,49365.0,2021,1,6,1,0,0,2.4000000000000004,2.85,1.5250000000000001,0.0
2021-01-25,108075.0,2021,1,0,0,0,0,0.0,3.983333333333333,3.3083333333333336,0.0
2021-01-26,117628.0,2021,1,1,0,0,0,0.0,3.0083333333333333,2.8708333333333336,0.0
2021-01-27,104249.0,2021,1,2,0,0,0,7.6000000000000005,2.5833333333333335,5.425,0.0
2021-01-28,100939.0,2021,1,3,0,0,0,7.2,4.029166666666667,11.820833333333333,0.0
2021-01-29,100300.0,2021,1,4,0,0,0,1.7999999999999998,5.1625000000000005,10.583333333333334,0.0
2021-01-30,78919.0,2021,1,5,1,0,0,13.1,3.1833333333333336,10.183333333333334,0.0
2021-01-31,60989.0,2021,1,6,1,0,0,7.6000000000000005,2.0541666666666667,8.483333333333333,0.0
2021-02-01,105908.0,2021,2,0,0,0,0,0.6000000000000001,3.2458333333333336,8.983333333333333,0.0
2021-02-02,120404.0,2021,2,1,0,0,0,3.6,4.120833333333334,11.691666666666668,0.0
2021-02-03,99114.0,2021,2,2,0,0,0,8.3,4.758333333333334,10.720833333333333,0.0
2021-02-04,125029.0,2021,2,3,0,0,0,0.0,2.3125,8.470833333333333,0.0
2021-02-05,120112.0,2021,2,4,0,0,0,0.2,2.1416666666666666,9.491666666666667,0.0
2021-02-06,52576.0,2021,2,5,1,0,0,22.2,2.8041666666666667,8.304166666666667,0.0
2021-02-07,40759.0,2021,2,6,1,0,0,2.2,3.3833333333333333,3.1125000000000003,0.0
2021-02-08,94532.0,2021,2,0,0,0,0,0.0,2.6083333333333334,-0.43333333333333335,0.0
2021-02-09,90234.0,2021,2,1,0,0,0,0.2,3.420833333333333,-1.8333333333333333,0.0
2021-02-10,45132.0,2021,2,2,0,0,0,1.8,4.9624999999999995,-2.841666666666667,35.0
2021-02-11,65116.0,2021,2,3,0,0,0,0.0,4.320833333333334,-2.0375,24.0
2021-02-12,70751.0,2021,2,4,0,0,0,0.0,4.908333333333333,-1.3958333333333333,24.0
2021-02-13,61308.0,2021,2,5,1,1,0,0.0,3.9375,-2.279166666666667,20.0
2021-02-14,50323.0,2021,2,6,1,1,0,0.0,4.216666666666667,-0.9874999999999999,0.0
2021-02-15,81509.0,2021,2,0,0,1,0,0.6000000000000001,3.420833333333333,5.916666666666667,0.0
2021-02-16,99044.0,2021,2,1,0,1,0,1.2,3.75,8.833333333333334,0.0
2021-02-17,103994.0,2021,2,2,0,1,0,0.0,3.7083333333333335,9.775,0.0
2021-02-18,78998.0,2021,2,3,0,1,0,7.6,3.2916666666666665,8.316666666666666,0.0
2021-02-19,94130.0,2021,2,4,0,1,0,0.0,3.154166666666667,9.245833333333334,0.0
2021-02-20,108062.0,2021,2,5,1,1,0,0.0,4.05,12.933333333333332,0.0
2021-02-21,106951.0,2021,2,6,1,1,0,0.0,3.4166666666666665,13.225,0.0
2021-02-22,95479.0,2021,2,0,0,1,0,0.0,1.95,12.841666666666667,0.0
2021-02-23,116411.0,2021,2,1,0,1,0,0.0,3.0875,14.120833333333332,0.0
2021-02-24,129756.0,2021,2,2,0,1,0,0.2,2.908333333333333,13.920833333333334,0.0
2021-02-25,123658.0,2021,2,3,0,1,0,0.0,2.783333333333333,12.933333333333332,0.0
2021-02-26,101025.0,2021,2,4,0,1,0,1.6,4.0625,9.520833333333334,0.0
2021-02-27,110452.0,2021,2,5,1,1,0,0.0,3.9749999999999996,7.108333333333333,0.0
2021-02-28,101635.0,2021,2,6,1,1,0,0.0,3.858333333333333,7.191666666666666,0.0
2021-03-01,127906.0,2021,3,0,0,0,0,0.0,2.3416666666666663,8.495833333333334,0.0
2021-03-02,146935.0,2021,3,1,0,0,0,0.0,1.5708333333333335,10.566666666666666,0.0
2021-03-03,142638.0,2021,3,2,0,0,0,0.2,1.9541666666666666,12.85,0.0
2021-03-04,129310.0,2021,3,3,0,0,0,1.0,3.0749999999999997,9.945833333333333,0.0
2021-03-05,116704.0,2021,3,4,0,0,0,0.0,4.720833333333333,5.245833333333334,0.0
2021-03-06,114316.0,2021,3,5,1,0,0,0.0,4.1375,4.8625,0.0
2021-03-07,102681.0,2021,3,6,1,0,0,0.0,3.033333333333333,4.633333333333334,0.0
2021-03-08,123088.0,2021,3,0,0,0,0,0.0,3.204166666666667,4.3374999999999995,0.0
2021-03-09,136705.0,2021,3,1,0,0,0,0.0,2.3416666666666663,7.375,0.0
2021-03-10,121476.0,2021,3,2,0,0,0,1.0,4.333333333333333,7.1875,0.0
2021-03-11,102277.0,2021,3,3,0,0,0,4.2,6.3625,10.65,0.0
2021-03-12,103649.0,2021,3,4,0,0,0,3.8,4.45,7.933333333333334,0.0
2021-03-13,64858.0,2021,3,5,1,0,0,9.4,5.7625,8.091666666666667,0.0
2021-03-14,78785.0,2021,3,6,1,0,0,0.2,4.3625,7.629166666666666,0.0
2021-03-15,95145.0,2021,3,0,0,0,0,5.0,5.104166666666667,8.862499999999999,0.0
2021-03-16,104731.0,2021,3,1,0,0,0,2.2,3.0500000000000003,7.970833333333334,0.0
2021-03-17,108213.0,2021,3,2,0,0,0,3.2,6.029166666666666,7.495833333333334,0.0
2021-03-18,108795.0,2021,3,3,0,0,0,2.0,4.0,6.495833333333334,0.0
2021-03-19,120986.0,2021,3,4,0,0,0,1.0,5.479166666666667,6.25,0.0
2021-03-20,97794.0,2021,3,5,1,0,0,0.0,3.8333333333333335,6.0375000000000005,0.0
2021-03-21,81016.0,2021,3,6,1,0,0,0.0,4.079166666666667,7.675,0.0
2021-03-22,105626.0,2021,3,0,0,0,0,0.0,3.4250000000000003,6.566666666666666,0.0
2021-03-23,130227.0,2021,3,1,0,0,0,0.0,1.5708333333333335,8.429166666666667,0.0
2021-03-24,140858.0,2021,3,2,0,0,0,0.0,2.525,11.366666666666667,0.0
2021-03-25,112603.0,2021,3,3,0,0,0,2.1999999999999997,2.1666666666666665,10.308333333333334,0.0
2021-03-26,116297.0,2021,3,4,0,0,0,2.0,3.9416666666666664,9.433333333333334,0.0
2021-03-27,114477.0,2021,3,5,1,0,0,0.0,3.9875000000000003,8.741666666666667,0.0
2021-03-28,127627.0,2021,3,6,1,0,0,0.0,2.9958333333333336,11.508333333333333,0.0
2021-03-29,135628.0,2021,3,0,0,0,0,0.0,1.9333333333333333,14.7125,0.0
2021-03-30,156821.0,2021,3,1,0,0,0,0.0,1.7416666666666665,17.14166666666667,0.0
2021-03-31,158827.0,2021,3,2,0,0,0,0.0,1.4458333333333335,17.970833333333335,0.0
2021-04-01,156057.0,2021,4,3,0,0,0,0.0,2.658333333333333,18.150000000000002,0.0
2021-04-02,132985.0,2021,4,4,0,0,0,0.0,6.0249999999999995,9.991666666666667,0.0
2021-04-03,96143.0,2021,4,5,1,0,0,0.0,5.666666666666667,8.391666666666667,0.0
2021-04-04,104178.0,2021,4,6,1,0,0,0.0,3.1166666666666667,8.275,0.0
2021-04-05,51172.0,2021,4,0,0,0,1,0.4,3.654166666666667,5.3374999999999995,0.0
2021-04-06,92931.0,2021,4,1,0,0,0,0.6000000000000001,3.5083333333333333,3.7916666666666665,0.0
2021-04-07,108704.0,2021,4,2,0,0,0,0.0,2.954166666666667,5.179166666666666,0.0
2021-04-08,114070.0,2021,4,3,0,0,0,0.0,1.6500000000000001,8.483333333333333,0.0
2021-04-09,108338.0,2021,4,4,0,0,0,5.6,2.5208333333333335,10.2125,0.0
2021-04-10,58109.0,2021,4,5,1,0,0,21.0,3.1999999999999997,10.520833333333334,0.0
2021-04-11,61724.0,2021,4,6,1,0,0,2.2,4.458333333333333,6.354166666666667,0.0
2021-04-12,107052.0,2021,4,0,0,0,0,0.4,2.8041666666666667,6.770833333333333,0.0
2021-04-13,120669.0,2021,4,1,0,0,0,0.0,3.3166666666666664,7.020833333333333,0.0
2021-04-14,119254.0,2021,4,2,0,0,0,0.0,3.8708333333333336,7.641666666666667,0.0
2021-04-15,118551.0,2021,4,3,0,0,0,0.0,3.795833333333333,6.925,0.0
2021-04-16,108372.0,2021,4,4,0,0,0,0.0,4.095833333333333,7.5,0.0
2021-04-17,119379.0,2021,4,5,1,1,0,0.0,4.3999999999999995,9.495833333333334,0.0
2021-04-18,110063.0,2021,4,6,1,1,0,0.0,2.8375,9.416666666666666,0.0
2021-04-19,116440.0,2021,4,0,0,1,0,0.0,2.033333333333333,11.762500000000001,0.0
2021-04-20,129617.0,2021,4,1,0,1,0,0.0,1.7956521739130433,13.6625,0.0
2021-04-21,128876.0,2021,4,2,0,1,0,0.2,3.0375,13.866666666666667,0.0
2021-04-22,133176.0,2021,4,3,0,1,0,0.0,4.120833333333334,12.299999999999999,0.0
2021-04-23,132008.0,2021,4,4,0,1,0,0.0,3.420833333333333,13.816666666666668,0.0
2021-04-24,142849.0,2021,4,5,1,1,0,0.0,3.5124999999999997,14.116666666666667,0.0
2021-04-25,131256.0,2021,4,6,1,1,0,0.0,5.1499999999999995,12.458333333333334,0.0
2021-04-26,127733.0,2021,4,0,0,1,0,0.0,4.570833333333334,12.666666666666666,0.0
2021-04-27,148976.0,2021,4,1,0,1,0,0.0,2.6791666666666667,13.450000000000001,0.0
2021-04-28,135349.0,2021,4,2,0,1,0,0.8,2.4125,13.9,0.0
2021-04-29,135290.0,2021,4,3,0,1,0,0.0,3.0500000000000003,10.525,0.0
2021-04-30,129052.0,2021,4,4,0,1,0,0.0,2.6,10.854166666666666,0.0
2021-05-01,74754.0,2021,5,5,1,1,1,0.6000000000000001,2.3833333333333333,9.700000000000001,0.0
2021-05-02,97896.0,2021,5,6,1,1,0,0.4,1.9208333333333334,9.279166666666667,0.0
2021-05-03,137084.0,2021,5,0,0,0,0,0.0,3.5666666666666664,12.15,0.0
2021-05-04,123411.0,2021,5,1,0,0,0,0.2,4.966666666666667,12.004166666666668,0.0
2021-05-05,132337.0,2021,5,2,0,0,0,0.4,3.6833333333333336,9.045833333333333,0.0
2021-05-06,90101.0,2021,5,3,0,0,0,8.1,2.2916666666666665,8.654166666666667,0.0
2021-05-07,141084.0,2021,5,4,0,0,0,0.0,2.2583333333333333,10.741666666666667,0.0
2021-05-08,117004.0,2021,5,5,1,0,1,0.0,3.625,15.516666666666666,0.0
2021-05-09,105344.0,2021,5,6,1,0,0,1.2,3.7375000000000003,19.354166666666668,0.0
2021-05-10,125853.0,2021,5,0,0,0,0,4.4,3.829166666666667,15.270833333333334,0.0
2021-05-11,131646.0,2021,5,1,0,0,0,0.6000000000000001,2.670833333333333,13.0625,0.0
2021-05-12,131063.0,2021,5,2,0,0,0,0.0,2.8166666666666664,12.466666666666667,0.0
2021-05-13,81149.0,2021,5,3,0,1,1,5.2,3.0083333333333333,12.4375,0.0
2021-05-14,63509.0,2021,5,4,0,1,0,5.7,2.65,11.2875,0.0
2021-05-15,55647.0,2021,5,5,1,1,0,8.0,3.654166666666667,12.058333333333332,0.0
2021-05-16,60041.0,2021,5,6,1,1,0,3.6,3.641666666666667,12.225,0.0
2021-05-17,104890.0,2021,5,0,0,1,0,1.8,3.783333333333333,12.924999999999999,0.0
2021-05-18,131323.0,2021,5,1,0,0,0,1.0,2.8375000000000004,12.737499999999999,0.0
2021-05-19,141596.0,2021,5,2,0,0,0,4.0,3.1833333333333336,12.362499999999999,0.0
2021-05-20,165572.0,2021,5,3,0,0,0,0.0,3.783333333333333,13.475,0.0
2021-05-21,141525.0,2021,5,4,0,0,0,0.4,4.9125000000000005,13.783333333333333,0.0
2021-05-22,86526.0,2021,5,5,1,0,0,2.5999999999999996,4.770833333333333,12.245833333333332,0.0
2021-05-23,107222.0,2021,5,6,1,0,0,0.0,3.9,13.325000000000001,0.0
2021-05-24,69855.0,2021,5,0,0,0,1,5.800000000000001,4.7124999999999995,11.445833333333333,0.0
2021-05-25,138439.0,2021,5,1,0,0,0,4.6,4.075,11.75,0.0
2021-05-26,142138.0,2021,5,2,0,0,0,5.7,3.4875000000000003,12.541666666666666,0.0
2021-05-27,183573.0,2021,5,3,0,0,0,0.0,1.5625,15.441666666666668,0.0
2021-05-28,175510.0,2021,5,4,0,0,0,0.0,2.775,17.508333333333333,0.0
2021-05-29,158930.0,2021,5,5,1,0,0,0.0,2.8874999999999997,18.445833333333333,0.0
2021-05-30,149252.0,2021,5,6,1,0,0,0.0,3.266666666666667,18.729166666666668,0.0
2021-05-31,179167.0,2021,5,0,0,0,0,0.0,3.0666666666666664,20.0125,0.0
2021-06-01,209070.0,2021,6,1,0,0,0,0.0,2.6166666666666667,22.1125,0.0
2021-06-02,179112.0,2021,6,2,0,0,0,0.0,3.0541666666666667,21.991666666666664,0.0
2021-06-03,181270.0,2021,6,3,0,0,0,0.6,2.0625,21.9875,0.0
2021-06-04,120078.0,2021,6,4,0,0,0,32.7,2.75,18.054166666666667,0.0
2021-06-05,137280.0,2021,6,5,1,0,0,0.0,3.2916666666666665,16.3,0.0
2021-06-06,150864.0,2021,6,6,1,0,0,0.0,2.8375,18.25,0.0
2021-06-07,180512.0,2021,6,0,0,0,0,0.0,2.495833333333333,19.354166666666668,0.0
2021-06-08,205233.0,2021,6,1,0,0,0,0.0,2.45,20.533333333333335,0.0
2021-06-09,217071.0,2021,6,2,0,0,0,0.0,2.033333333333333,22.333333333333332,0.0
2021-06-10,215936.0,2021,6,3,0,0,0,0.0,2.5708333333333333,22.587500000000002,0.0
2021-06-11,192679.0,2021,6,4,0,0,0,0.0,2.620833333333333,22.129166666666666,0.0
2021-06-12,161142.0,2021,6,5,1,0,0,0.0,2.8208333333333333,20.029166666666665,0.0
2021-06-13,145307.0,2021,6,6,1,0,0,0.0,3.0124999999999997,21.59166666666667,0.0
2021-06-14,186734.0,2021,6,0,0,0,0,0.0,2.066666666666667,24.34166666666667,0.0
2021-06-15,213534.0,2021,6,1,0,0,0,0.0,2.1750000000000003,24.545833333333334,0.0
2021-06-16,199959.0,2021,6,2,0,0,0,0.0,2.1666666666666665,27.041666666666668,0.0
2021-06-17,175121.0,2021,6,3,0,0,0,25.299999999999997,3.0583333333333336,23.125,0.0
2021-06-18,170986.0,2021,6,4,0,0,0,2.0,3.595833333333333,22.458333333333332,0.0
2021-06-19,114573.0,2021,6,5,1,0,0,17.799999999999997,1.9333333333333333,21.129166666666666,0.0
2021-06-20,119096.0,2021,6,6,1,0,0,1.4000000000000001,2.2625,20.195833333333333,0.0
2021-06-21,176935.0,2021,6,0,0,0,0,0.2,2.716666666666667,20.525000000000002,0.0
2021-06-22,145231.0,2021,6,1,0,0,0,16.6,3.3375,16.045833333333334,0.0
2021-06-23,176386.0,2021,6,2,0,0,0,0.0,3.8791666666666664,14.6625,0.0
2021-06-24,189805.0,2021,6,3,0,0,0,0.0,2.5375,16.349999999999998,0.0
2021-06-25,154849.0,2021,6,4,0,0,0,5.300000000000001,2.1,16.920833333333334,0.0
2021-06-26,111550.0,2021,6,5,1,0,0,4.0,2.0500000000000003,18.45,0.0
2021-06-27,100609.0,2021,6,6,1,0,0,1.6,1.6708333333333334,19.962500000000002,0.0
2021-06-28,159817.0,2021,6,0,0,0,0,0.4,2.279166666666667,19.6875,0.0
2021-06-29,153638.0,2021,6,1,0,0,0,1.6,1.8541666666666667,16.279166666666665,0.0
2021-06-30,150822.0,2021,6,2,0,0,0,2.4000000000000004,3.0375,15.829166666666667,0.0
2021-07-01,195767.0,2021,7,3,0,0,0,0.0,1.9833333333333334,18.466666666666665,0.0
2021-07-02,179040.0,2021,7,4,0,0,0,0.0,1.5166666666666666,22.0625,0.0
2021-07-03,135169.0,2021,7,5,1,0,0,0.0,2.225,20.925,0.0
2021-07-04,89823.0,2021,7,6,1,0,0,7.8999999999999995,2.775,18.841666666666665,0.0
2021-07-05,145744.0,2021,7,0,0,0,0,2.0,2.5416666666666665,18.670833333333334,0.0
2021-07-06,180772.0,2021,7,1,0,1,0,0.0,4.545833333333333,19.45,0.0
2021-07-07,183693.0,2021,7,2,0,1,0,0.0,2.9125,19.029166666666665,0.0
2021-07-08,187300.0,2021,7,3,0,1,0,0.0,2.3583333333333334,19.054166666666667,0.0
2021-07-09,160076.0,2021,7,4,0,1,0,0.0,1.5958333333333332,19.175,0.0
2021-07-10,98933.0,2021,7,5,1,1,0,0.6000000000000001,1.8291666666666666,18.004166666666666,0.0
2021-07-11,109853.0,2021,7,6,1,1,0,0.0,1.6458333333333333,19.383333333333333,0.0
2021-07-12,105337.0,2021,7,0,0,1,0,5.3,2.120833333333333,18.787499999999998,0.0
2021-07-13,81009.0,2021,7,1,0,1,0,38.7,2.829166666666667,17.358333333333334,0.0
2021-07-14,89059.0,2021,7,2,0,1,1,4.8,4.633333333333334,18.0125,0.0
2021-07-15,146241.0,2021,7,3,0,1,0,0.0,4.808333333333334,20.345833333333335,0.0
2021-07-16,130331.0,2021,7,4,0,1,0,0.0,4.083333333333333,18.229166666666668,0.0
2021-07-17,115140.0,2021,7,5,1,1,0,0.0,3.358333333333333,19.645833333333332,0.0
2021-07-18,108712.0,2021,7,6,1,1,0,0.0,4.308333333333334,23.662499999999998,0.0
2021-07-19,152151.0,2021,7,0,0,1,0,0.0,3.3249999999999997,24.983333333333334,0.0
2021-07-20,173775.0,2021,7,1,0,1,0,0.0,2.725,24.233333333333334,0.0
2021-07-21,176192.0,2021,7,2,0,1,0,0.0,2.5708333333333333,24.77916666666667,0.0
2021-07-22,174223.0,2021,7,3,0,1,0,0.0,3.1875,24.420833333333334,0.0
2021-07-23,150311.0,2021,7,4,0,1,0,0.0,2.9416666666666664,24.6125,0.0
2021-07-24,117071.0,2021,7,5,1,1,0,0.2,3.0541666666666667,22.070833333333336,0.0
2021-07-25,70246.0,2021,7,6,1,1,0,6.9,3.3333333333333335,19.683333333333334,0.0
2021-07-26,106779.0,2021,7,0,0,1,0,3.4000000000000004,2.525,20.029166666666665,0.0
2021-07-27,105012.0,2021,7,1,0,1,0,8.2,2.8791666666666664,18.191666666666666,0.0
2021-07-28,145566.0,2021,7,2,0,1,0,0.0,3.4625,19.15,0.0
2021-07-29,151616.0,2021,7,3,0,1,0,0.0,2.9166666666666665,18.675,0.0
2021-07-30,127550.0,2021,7,4,0,1,0,0.0,3.7291666666666665,18.983333333333334,0.0
2021-07-31,101837.0,2021,7,5,1,1,0,0.0,3.0708333333333333,18.712500000000002,0.0
2021-08-01,93013.0,2021,8,6,1,1,0,1.4,2.5208333333333335,18.925,0.0
2021-08-02,97747.0,2021,8,0,0,1,0,6.5,1.8958333333333333,18.233333333333334,0.0
2021-08-03,105567.0,2021,8,1,0,1,0,1.4,2.25,17.154166666666665,0.0
2021-08-04,110561.0,2021,8,2,0,1,0,0.2,1.5791666666666666,17.066666666666666,0.0
2021-08-05,108399.0,2021,8,3,0,1,0,0.4,3.2291666666666665,19.224999999999998,0.0
2021-08-06,95926.0,2021,8,4,0,1,0,0.0,4.4125000000000005,19.029166666666665,0.0
2021-08-07,62280.0,2021,8,5,1,1,0,7.4,3.9,17.150000000000002,0.0
2021-08-08,77213.0,2021,8,6,1,1,0,0.0,3.6,17.608333333333334,0.0
2021-08-09,85031.0,2021,8,0,0,1,0,0.0,3.216666666666667,18.341666666666665,0.0
2021-08-10,92592.0,2021,8,1,0,1,0,3.4000000000000004,2.2333333333333334,20.408333333333335,0.0
2021-08-11,104129.0,2021,8,2,0,1,0,0.0,1.4375,21.616666666666664,0.0
2021-08-12,103048.0,2021,8,3,0,1,0,0.0,1.6333333333333335,23.925,0.0
2021-08-13,94638.0,2021,8,4,0,1,0,0.0,2.379166666666667,22.995833333333334,0.0
2021-08-14,87972.0,2021,8,5,1,1,0,0.0,1.8666666666666665,23.133333333333336,0.0
2021-08-15,79203.0,2021,8,6,1,1,1,0.0,2.65,23.583333333333332,0.0
2021-08-16,88020.0,2021,8,0,0,1,0,0.2,3.6125000000000003,18.474999999999998,0.0
2021-08-17,101227.0,2021,8,1,0,1,0,0.0,2.5416666666666665,16.712500000000002,0.0
2021-08-18,101000.0,2021,8,2,0,1,0,0.0,2.4083333333333337,18.341666666666665,0.0
2021-08-19,104755.0,2021,8,3,0,1,0,0.0,2.3208333333333333,17.775000000000002,0.0
2021-08-20,99257.0,2021,8,4,0,1,0,0.0,1.5416666666666667,19.45,0.0
2021-08-21,94344.0,2021,8,5,1,1,0,0.0,2.620833333333333,20.975,0.0
2021-08-22,83972.0,2021,8,6,1,1,0,0.0,3.391666666666666,18.958333333333332,0.0
2021-08-23,111846.0,2021,8,0,0,1,0,0.2,3.908333333333333,18.45,0.0
2021-08-24,141744.0,2021,8,1,0,1,0,0.0,4.454166666666667,19.287499999999998,0.0
2021-08-25,148449.0,2021,8,2,0,1,0,0.0,3.795833333333333,19.425,0.0
2021-08-26,139426.0,2021,8,3,0,1,0,0.0,3.85,17.383333333333333,0.0
2021-08-27,130814.0,2021,8,4,0,1,0,0.0,3.4,17.908333333333335,0.0
2021-08-28,106777.0,2021,8,5,1,1,0,0.2,3.8708333333333336,17.445833333333333,0.0
2021-08-29,97175.0,2021,8,6,1,1,0,0.0,3.475,16.745833333333334,0.0
2021-08-30,151967.0,2021,8,0,0,1,0,0.2,3.9583333333333335,18.337500000000002,0.0
2021-08-31,185251.0,2021,8,1,0,1,0,0.0,4.120833333333334,19.154166666666665,0.0
2021-09-01,191524.0,2021,9,2,0,0,0,0.0,4.491666666666666,18.004166666666666,0.0
2021-09-02,200503.0,2021,9,3,0,0,0,0.0,3.329166666666667,18.795833333333334,0.0
2021-09-03,191807.0,2021,9,4,0,0,0,0.0,1.8541666666666667,21.379166666666666,0.0
2021-09-04,140124.0,2021,9,5,1,0,0,0.0,1.7375,22.454166666666666,0.0
2021-09-05,137543.0,2021,9,6,1,0,0,1.8,1.6291666666666667,22.8,0.0
2021-09-06,197262.0,2021,9,0,0,0,0,0.0,1.8875,23.729166666666668,0.0
2021-09-07,217694.0,2021,9,1,0,0,0,0.0,2.5833333333333335,23.662499999999998,0.0
2021-09-08,208423.0,2021,9,2,0,0,0,2.4,2.2375000000000003,23.900000000000002,0.0
2021-09-09,196632.0,2021,9,3,0,0,0,0.4,2.6875,21.96666666666667,0.0
2021-09-10,168806.0,2021,9,4,0,0,0,0.6000000000000001,2.5875,20.5625,0.0
2021-09-11,152663.0,2021,9,5,1,0,0,0.0,2.379166666666667,18.533333333333335,0.0
2021-09-12,139674.0,2021,9,6,1,0,0,0.0,1.6041666666666667,18.445833333333333,0.0
2021-09-13,199178.0,2021,9,0,0,0,0,0.0,2.129166666666667,20.295833333333334,0.0
2021-09-14,145818.0,2021,9,1,0,0,0,9.0,2.275,21.016666666666666,0.0
2021-09-15,142481.0,2021,9,2,0,0,0,12.6,2.2624999999999997,19.275000000000002,0.0
2021-09-16,210130.0,2021,9,3,0,0,0,0.2,1.8958333333333333,18.304166666666667,0.0
2021-09-17,201334.0,2021,9,4,0,0,0,0.0,1.7249999999999999,17.895833333333332,0.0
2021-09-18,166244.0,2021,9,5,1,0,0,0.0,1.875,19.025000000000002,0.0
2021-09-19,180459.0,2021,9,6,1,0,0,0.8,3.1999999999999997,18.429166666666667,0.0
2021-09-20,159333.0,2021,9,0,0,0,0,11.700000000000001,2.4291666666666667,16.7375,0.0
2021-09-21,212234.0,2021,9,1,0,0,0,0.0,3.158333333333333,15.025,0.0
2021-09-22,208275.0,2021,9,2,0,0,0,0.0,1.8041666666666665,15.575000000000001,0.0
2021-09-23,219028.0,2021,9,3,0,0,0,0.0,1.8458333333333332,16.654166666666665,0.0
2021-09-24,195714.0,2021,9,4,0,0,0,0.0,1.6166666666666665,16.991666666666667,0.0
2021-09-25,164809.0,2021,9,5,1,0,0,0.2,1.5458333333333334,17.920833333333334,0.0
2021-09-26,106762.0,2021,9,6,1,0,0,12.0,2.345833333333333,17.791666666666668,0.0
2021-09-27,150489.0,2021,9,0,0,0,0,4.2,2.658333333333333,15.825000000000001,0.0
2021-09-28,204372.0,2021,9,1,0,0,0,0.2,2.3375,14.104166666666666,0.0
2021-09-29,174810.0,2021,9,2,0,0,0,1.2,3.545833333333333,13.775,0.0
2021-09-30,200119.0,2021,9,3,0,0,0,0.0,2.25,12.370833333333332,0.0
2021-10-01,140332.0,2021,10,4,0,0,0,5.2,3.3874999999999997,12.75,0.0
2021-10-02,96385.0,2021,10,5,1,0,0,6.0,4.4624999999999995,15.029166666666667,0.0
2021-10-03,72279.0,2021,10,6,1,0,0,19.400000000000002,3.9125,14.470833333333333,0.0
2021-10-04,173965.0,2021,10,0,0,0,0,0.2,3.2708333333333335,13.775,0.0
2021-10-05,143703.0,2021,10,1,0,0,0,8.7,4.254166666666666,13.3375,0.0
2021-10-06,193688.0,2021,10,2,0,0,0,0.0,3.6625,13.491666666666667,0.0
2021-10-07,199167.0,2021,10,3,0,0,0,0.2,1.7375,13.316666666666668,0.0
2021-10-08,183800.0,2021,10,4,0,0,0,0.0,2.9166666666666665,13.941666666666668,0.0
2021-10-09,151908.0,2021,10,5,1,0,0,0.2,2.279166666666667,13.529166666666667,0.0
2021-10-10,133089.0,2021,10,6,1,0,0,0.2,2.4625,12.799999999999999,0.0
2021-10-11,179799.0,2021,10,0,0,0,0,0.0,3.225,13.533333333333333,0.0
2021-10-12,196271.0,2021,10,1,0,0,0,0.0,2.4250000000000003,12.258333333333333,0.0
2021-10-13,193106.0,2021,10,2,0,0,0,0.0,2.058333333333333,11.254166666666668,0.0
2021-10-14,201183.0,2021,10,3,0,0,0,0.2,1.3375000000000001,10.979166666666666,0.0
2021-10-15,180209.0,2021,10,4,0,0,0,0.0,1.4416666666666667,12.525,0.0
2021-10-16,150551.0,2021,10,5,1,0,0,0.2,1.6125,12.445833333333333,0.0
2021-10-17,119203.0,2021,10,6,1,0,0,0.0,2.2916666666666665,10.879166666666668,0.0
2021-10-18,171838.0,2021,10,0,0,0,0,3.2,2.4833333333333334,12.941666666666668,0.0
2021-10-19,204062.0,2021,10,1,0,0,0,0.6000000000000001,2.9125,17.979166666666668,0.0
2021-10-20,165920.0,2021,10,2,0,0,0,1.2,5.1499999999999995,16.895833333333332,0.0
2021-10-21,149795.0,2021,10,3,0,0,0,15.4,5.354166666666667,11.441666666666668,0.0
2021-10-22,162153.0,2021,10,4,0,0,0,0.0,2.1875,9.125,0.0
2021-10-23,126889.0,2021,10,5,1,1,0,0.0,1.6375,10.887500000000001,0.0
2021-10-24,117872.0,2021,10,6,1,1,0,0.2,2.3541666666666665,8.583333333333334,0.0
2021-10-25,129337.0,2021,10,0,0,1,0,1.8,2.2833333333333337,10.779166666666667,0.0
2021-10-26,162161.0,2021,10,1,0,1,0,0.0,2.5500000000000003,12.008333333333333,0.0
2021-10-27,167448.0,2021,10,2,0,1,0,0.2,2.0458333333333334,11.345833333333333,0.0
2021-10-28,166139.0,2021,10,3,0,1,0,0.2,3.154166666666667,11.6625,0.0
2021-10-29,106405.0,2021,10,4,0,1,0,5.6,3.3249999999999997,12.179166666666667,0.0
2021-10-30,65246.0,2021,10,5,1,1,0,7.1,3.0208333333333335,12.75,0.0
2021-10-31,61569.0,2021,10,6,1,1,0,4.3,3.7624999999999997,12.245833333333332,0.0
2021-11-01,69458.0,2021,11,0,0,1,1,3.8,3.108333333333333,9.8125,0.0
2021-11-02,137555.0,2021,11,1,0,1,0,1.6,2.8041666666666667,9.504166666666666,0.0
2021-11-03,138927.0,2021,11,2,0,1,0,4.0,2.8666666666666667,9.004166666666666,0.0
2021-11-04,119534.0,2021,11,3,0,1,0,5.0,3.0041666666666664,8.4125,0.0
2021-11-05,132241.0,2021,11,4,0,1,0,0.0,2.5458333333333334,9.333333333333334,0.0
2021-11-06,117218.0,2021,11,5,1,1,0,0.0,1.7833333333333332,7.445833333333333,0.0
2021-11-07,84956.0,2021,11,6,1,1,0,0.2,2.75,10.25,0.0
2021-11-08,160467.0,2021,11,0,0,0,0,0.2,1.5999999999999999,8.8375,0.0
2021-11-09,172675.0,2021,11,1,0,0,0,0.0,1.2041666666666668,7.308333333333334,0.0
2021-11-10,160785.0,2021,11,2,0,0,0,0.2,1.5250000000000001,5.233333333333333,0.0
2021-11-11,98135.0,2021,11,3,0,0,1,0.0,1.3833333333333335,4.179166666666666,0.0
2021-11-12,122454.0,2021,11,4,0,0,0,0.0,2.4583333333333335,6.804166666666667,0.0
2021-11-13,81667.0,2021,11,5,1,0,0,1.2000000000000002,2.670833333333333,11.433333333333332,0.0
2021-11-14,77135.0,2021,11,6,1,0,0,0.0,3.2624999999999997,10.7875,0.0
2021-11-15,146987.0,2021,11,0,0,0,0,0.0,3.5416666666666665,7.070833333333333,0.0
2021-11-16,162233.0,2021,11,1,0,0,0,0.2,1.8708333333333333,7.520833333333333,0.0
2021-11-17,159531.0,2021,11,2,0,0,0,0.2,1.9291666666666665,10.408333333333333,0.0
2021-11-18,171028.0,2021,11,3,0,0,0,0.2,1.6958333333333335,8.075000000000001,0.0
2021-11-19,152601.0,2021,11,4,0,0,0,0.0,1.6416666666666666,8.766666666666667,0.0
2021-11-20,111299.0,2021,11,5,1,0,0,0.0,1.925,7.358333333333333,0.0
2021-11-21,68217.0,2021,11,6,1,0,0,1.6,3.0,7.104166666666667,0.0
2021-11-22,148511.0,2021,11,0,0,0,0,0.0,4.7625,5.641666666666667,0.0
2021-11-23,163265.0,2021,11,1,0,0,0,0.0,3.966666666666667,5.0375000000000005,0.0
2021-11-24,158849.0,2021,11,2,0,0,0,0.2,2.725,4.616666666666666,0.0
2021-11-25,162652.0,2021,11,3,0,0,0,0.2,2.9583333333333335,5.879166666666666,0.0
2021-11-26,134306.0,2021,11,4,0,0,0,1.4,3.7291666666666665,5.633333333333333,0.0
2021-11-27,68709.0,2021,11,5,1,0,0,4.0,4.104166666666667,3.5875,0.0
2021-11-28,61279.0,2021,11,6,1,0,0,0.4,5.6499999999999995,4.75,0.0
2021-11-29,147967.0,2021,11,0,0,0,0,0.0,3.0625,3.6833333333333336,0.0
2021-11-30,155545.0,2021,11,1,0,0,0,0.0,4.020833333333333,6.529166666666666,0.0
2021-12-01,132107.0,2021,12,2,0,0,0,3.6,4.3125,9.016666666666667,0.0
2021-12-02,150261.0,2021,12,3,0,0,0,0.0,4.3,5.308333333333334,0.0
2021-12-03,94010.0,2021,12,4,0,0,0,10.3,3.1791666666666667,4.054166666666666,0.0
2021-12-04,68637.0,2021,12,5,1,0,0,5.4,4.320833333333334,9.0375,0.0
2021-12-05,52159.0,2021,12,6,1,0,0,4.0,3.9125,5.2,0.0
2021-12-06,112943.0,2021,12,0,0,0,0,2.2,3.4499999999999997,6.408333333333334,0.0
2021-12-07,123362.0,2021,12,1,0,0,0,2.0,4.420833333333333,5.858333333333333,0.0
2021-12-08,140982.0,2021,12,2,0,0,0,0.0,3.391666666666667,5.395833333333333,0.0
2021-12-09,143407.0,2021,12,3,0,0,0,2.8000000000000003,3.2583333333333333,4.945833333333334,0.0
2021-12-10,107955.0,2021,12,4,0,0,0,14.5,5.2875000000000005,6.854166666666667,0.0
2021-12-11,100932.0,2021,12,5,1,0,0,0.0,2.475,5.716666666666666,0.0
2021-12-12,75044.0,2021,12,6,1,0,0,1.2000000000000002,2.275,9.0875,0.0
2021-12-13,134037.0,2021,12,0,0,0,0,0.0,2.5166666666666666,7.995833333333334,0.0
2021-12-14,146042.0,2021,12,1,0,0,0,0.0,1.5083333333333335,6.816666666666666,0.0
2021-12-15,144532.0,2021,12,2,0,0,0,0.0,1.5416666666666667,8.012500000000001,0.0
2021-12-16,152485.0,2021,12,3,0,0,0,0.0,1.9416666666666667,9.358333333333333,0.0
2021-12-17,136948.0,2021,12,4,0,0,0,0.0,3.1291666666666664,7.6125,0.0
2021-12-18,104440.0,2021,12,5,1,1,0,0.2,3.0083333333333333,6.116666666666667,0.0
2021-12-19,71742.0,2021,12,6,1,1,0,0.0,3.1333333333333333,5.416666666666667,0.0
2021-12-20,104733.0,2021,12,0,0,1,0,0.0,3.2375000000000003,5.55,0.0
2021-12-21,106941.0,2021,12,1,0,1,0,0.0,2.4791666666666665,2.316666666666667,0.0
2021-12-22,84174.0,2021,12,2,0,1,0,0.0,3.033333333333333,-0.7000000000000001,0.0
2021-12-23,76648.0,2021,12,3,0,1,0,0.0,2.3958333333333335,4.458333333333333,0.0
2021-12-24,43208.0,2021,12,4,0,1,0,6.2,1.8291666666666666,9.15,0.0
2021-12-25,23374.0,2021,12,5,1,1,1,2.2,1.2708333333333333,9.529166666666667,0.0
2021-12-26,29840.0,2021,12,6,1,1,0,5.2,2.375,9.629166666666666,0.0
2021-12-27,48897.0,2021,12,0,0,1,0,6.4,3.375,10.429166666666667,0.0
2021-12-28,60299.0,2021,12,1,0,1,0,7.7,4.895833333333333,11.679166666666667,0.0
2021-12-29,48633.0,2021,12,2,0,1,0,6.0,3.529166666666667,12.708333333333334,0.0
2021-12-30,76067.0,2021,12,3,0,1,0,0.0,3.670833333333333,13.720833333333333,0.0
2021-12-31,72606.0,2021,12,4,0,1,0,0.4,2.379166666666667,11.445833333333333,0.0
2022-01-01,62881.0,2022,1,5,1,1,1,0.0,2.379166666666667,10.5,0.0
2022-01-02,65542.0,2022,1,6,1,1,0,0.2,3.9458333333333333,12.066666666666668,0.0
2022-01-03,89747.0,2022,1,0,0,0,0,9.700000000000001,4.2,11.637500000000001,0.0
2022-01-04,89277.0,2022,1,1,0,0,0,21.0,3.779166666666667,8.683333333333334,0.0
2022-01-05,119686.0,2022,1,2,0,0,0,0.0,3.279166666666667,4.541666666666667,0.0
2022-01-06,120833.0,2022,1,3,0,0,0,0.0,2.345833333333333,3.9499999999999997,0.0
2022-01-07,92903.0,2022,1,4,0,0,0,5.2,4.5375000000000005,5.708333333333333,0.0
2022-01-08,51810.0,2022,1,5,1,0,0,10.8,4.670833333333333,6.4375,0.0
2022-01-09,48962.0,2022,1,6,1,0,0,10.6,2.6875,5.316666666666666,0.0
2022-01-10,112613.0,2022,1,0,0,0,0,0.0,1.9749999999999999,3.6666666666666665,0.0
2022-01-11,122687.0,2022,1,1,0,0,0,0.0,2.2666666666666666,1.6666666666666667,0.0
2022-01-12,118158.0,2022,1,2,0,0,0,0.0,1.5541666666666665,2.783333333333333,0.0
2022-01-13,119033.0,2022,1,3,0,0,0,0.0,2.1958333333333333,2.904166666666667,0.0
2022-01-14,115988.0,2022,1,4,0,0,0,0.0,1.5541666666666665,3.7624999999999997,0.0
2022-01-15,101193.0,2022,1,5,1,0,0,0.2,1.5250000000000001,2.891666666666667,0.0
2022-01-16,66334.0,2022,1,6,1,0,0,0.6,2.1333333333333333,2.1374999999999997,0.0
2022-01-17,114914.0,2022,1,0,0,0,0,0.0,1.5958333333333332,6.0874999999999995,0.0
2022-01-18,131158.0,2022,1,1,0,0,0,0.2,2.7083333333333335,5.479166666666667,0.0
2022-01-19,115208.0,2022,1,2,0,0,0,1.6,2.3874999999999997,5.783333333333334,2.0
2022-01-20,123025.0,2022,1,3,0,0,0,0.2,3.8333333333333335,5.258333333333334,0.0
2022-01-21,114429.0,2022,1,4,0,0,0,0.0,3.4,4.3999999999999995,0.0
2022-01-22,92446.0,2022,1,5,1,0,0,0.0,2.4708333333333337,5.495833333333334,0.0
2022-01-23,71998.0,2022,1,6,1,0,0,0.0,2.5458333333333334,4.25,0.0
2022-01-24,122332.0,2022,1,0,0,0,0,0.0,2.033333333333333,3.404166666666667,1.0
2022-01-25,122340.0,2022,1,1,0,0,0,0.0,1.4625000000000001,0.5208333333333334,1.0
2022-01-26,120483.0,2022,1,2,0,0,0,0.0,1.8625,2.3249999999999997,0.0
2022-01-27,123871.0,2022,1,3,0,0,0,0.2,2.529166666666667,5.091666666666667,0.0
2022-01-28,120030.0,2022,1,4,0,0,0,0.0,2.091666666666667,6.970833333333334,0.0
2022-01-29,88952.0,2022,1,5,1,0,0,0.0,3.295833333333333,8.820833333333333,0.0
2022-01-30,97693.0,2022,1,6,1,0,0,0.0,2.316666666666667,8.487499999999999,0.0
2022-01-31,120804.0,2022,1,0,0,0,0,0.8,4.979166666666667,7.05,0.0
2022-02-01,118384.0,2022,2,1,0,0,0,0.8,3.904166666666667,7.545833333333333,0.0
2022-02-02,135733.0,2022,2,2,0,0,0,0.0,3.0625,10.270833333333334,0.0
2022-02-03,139344.0,2022,2,3,0,0,0,0.0,2.9291666666666667,7.8,0.0
2022-02-04,117358.0,2022,2,4,0,0,0,1.4000000000000001,3.595833333333333,7.5874999999999995,0.0
2022-02-05,116512.0,2022,2,5,1,0,0,0.0,3.1875,6.533333333333334,0.0
2022-02-06,47851.0,2022,2,6,1,0,0,7.400000000000001,5.979166666666667,9.316666666666666,0.0
2022-02-07,139371.0,2022,2,0,0,0,0,0.0,3.1125000000000003,7.683333333333334,0.0
2022-02-08,148785.0,2022,2,1,0,0,0,0.0,2.2083333333333335,8.620833333333334,0.0
2022-02-09,155636.0,2022,2,2,0,0,0,0.0,1.7,7.470833333333334,0.0
2022-02-10,131577.0,2022,2,3,0,0,0,1.7999999999999998,3.154166666666667,7.441666666666666,0.0
2022-02-11,136447.0,2022,2,4,0,0,0,0.0,2.004166666666667,5.329166666666667,0.0
2022-02-12,116802.0,2022,2,5,1,0,0,0.0,2.5458333333333334,4.304166666666666,0.0
2022-02-13,91934.0,2022,2,6,1,0,0,0.0,3.9958333333333336,7.295833333333333,0.0
2022-02-14,122589.0,2022,2,0,0,0,0,2.8000000000000003,4.083333333333333,9.291666666666666,0.0
2022-02-15,140331.0,2022,2,1,0,0,0,1.0,4.454166666666667,8.108333333333333,0.0
2022-02-16,130116.0,2022,2,2,0,0,0,4.4,5.125,12.625,0.0
2022-02-17,156204.0,2022,2,3,0,0,0,0.6000000000000001,4.879166666666666,12.354166666666666,0.0
2022-02-18,185357.0,2022,2,4,0,0,0,3.4,6.054166666666667,10.5,0.0
2022-02-19,113888.0,2022,2,5,1,1,0,0.0,5.1125,7.4125000000000005,0.0
2022-02-20,77800.0,2022,2,6,1,1,0,1.8,5.25,10.995833333333332,0.0
2022-02-21,108854.0,2022,2,0,0,1,0,1.8,5.804166666666667,8.6625,0.0
2022-02-22,125679.0,2022,2,1,0,1,0,0.2,3.5749999999999997,9.3375,0.0
2022-02-23,135390.0,2022,2,2,0,1,0,0.2,2.091666666666667,9.4625,0.0
2022-02-24,120357.0,2022,2,3,0,1,0,2.6,3.6166666666666667,8.216666666666667,0.0
2022-02-25,113627.0,2022,2,4,0,1,0,0.0,3.375,6.629166666666666,0.0
2022-02-26,97651.0,2022,2,5,1,1,0,0.2,3.158333333333333,6.041666666666667,0.0
2022-02-27,85734.0,2022,2,6,1,1,0,0.0,3.3041666666666667,5.441666666666666,0.0
2022-02-28,117993.0,2022,2,0,0,1,0,0.0,2.066666666666667,6.079166666666667,0.0
2022-03-01,125270.0,2022,3,1,0,1,0,0.0,1.8916666666666666,8.275,0.0
2022-03-02,127319.0,2022,3,2,0,1,0,0.0,1.6708333333333334,9.0875,0.0
2022-03-03,127837.0,2022,3,3,0,1,0,0.0,1.7291666666666667,10.041666666666666,0.0
2022-03-04,117183.0,2022,3,4,0,1,0,0.0,2.066666666666667,10.170833333333333,0.0
2022-03-05,106986.0,2022,3,5,1,1,0,0.0,2.5208333333333335,9.133333333333333,0.0
2022-03-06,93184.0,2022,3,6,1,1,0,0.0,4.1875,5.404166666666666,0.0
2022-03-07,133568.0,2022,3,0,0,0,0,0.0,4.070833333333334,3.608333333333333,0.0
2022-03-08,152078.0,2022,3,1,0,0,0,0.0,2.8541666666666665,6.279166666666666,0.0
2022-03-09,155373.0,2022,3,2,0,0,0,0.0,2.7416666666666667,9.487499999999999,0.0
2022-03-10,165057.0,2022,3,3,0,0,0,0.0,3.125,11.0625,0.0
2022-03-11,115676.0,2022,3,4,0,0,0,4.4,3.5749999999999997,9.941666666666666,0.0
2022-03-12,88663.0,2022,3,5,1,0,0,0.6000000000000001,3.608333333333333,8.516666666666667,0.0
2022-03-13,60969.0,2022,3,6,1,0,0,2.2,3.829166666666666,8.958333333333334,0.0
2022-03-14,152952.0,2022,3,0,0,0,0,0.0,2.5,9.7125,0.0
2022-03-15,113268.0,2022,3,1,0,0,0,5.4,1.9833333333333334,10.3375,0.0
2022-03-16,157586.0,2022,3,2,0,0,0,0.0,2.5375,11.433333333333332,0.0
2022-03-17,155461.0,2022,3,3,0,0,0,0.0,4.533333333333333,8.854166666666666,0.0
2022-03-18,149812.0,2022,3,4,0,0,0,0.0,4.704166666666667,9.9375,0.0
2022-03-19,122894.0,2022,3,5,1,0,0,0.0,4.1375,11.091666666666667,0.0
2022-03-20,107272.0,2022,3,6,1,0,0,0.0,2.654166666666667,8.608333333333333,0.0
2022-03-21,157475.0,2022,3,0,0,0,0,0.0,2.2583333333333333,12.579166666666666,0.0
2022-03-22,177908.0,2022,3,1,0,0,0,0.0,3.108333333333333,13.083333333333334,0.0
2022-03-23,177618.0,2022,3,2,0,0,0,0.0,2.154166666666667,12.716666666666667,0.0
2022-03-24,182086.0,2022,3,3,0,0,0,0.0,1.9291666666666665,14.504166666666668,0.0
2022-03-25,168080.0,2022,3,4,0,0,0,0.0,3.283333333333333,14.133333333333333,0.0
2022-03-26,139899.0,2022,3,5,1,0,0,0.0,3.533333333333333,13.941666666666668,0.0
2022-03-27,123733.0,2022,3,6,1,0,0,0.0,2.2958333333333334,14.950000000000001,0.0
2022-03-28,162298.0,2022,3,0,0,0,0,0.0,1.7416666666666665,15.754166666666668,0.0
2022-03-29,140612.0,2022,3,1,0,0,0,0.8,2.2166666666666663,14.112499999999999,0.0
2022-03-30,121189.0,2022,3,2,0,0,0,7.6,2.2875,10.920833333333334,0.0
2022-03-31,124343.0,2022,3,3,0,0,0,1.6,5.579166666666667,6.083333333333333,0.0
2022-04-01,77439.0,2022,4,4,0,0,0,2.0,6.366666666666667,2.4666666666666663,0.0
2022-04-02,87842.0,2022,4,5,1,0,0,0.0,5.7875000000000005,4.625,0.0
2022-04-03,86728.0,2022,4,6,1,0,0,0.0,3.7624999999999997,5.541666666666667,0.0
2022-04-04,134436.0,2022,4,0,0,0,0,0.0,3.704166666666667,6.8999999999999995,0.0
2022-04-05,131221.0,2022,4,1,0,0,0,1.6,2.9375,10.458333333333334,0.0
2022-04-06,146327.0,2022,4,2,0,0,0,0.0,4.241666666666666,10.804166666666667,0.0
2022-04-07,138814.0,2022,4,3,0,0,0,1.4000000000000001,6.016666666666667,12.225,0.0
2022-04-08,65095.0,2022,4,4,0,0,0,37.5,3.4333333333333336,6.0125,0.0
2022-04-09,98127.0,2022,4,5,1,0,0,3.8000000000000003,2.466666666666667,6.658333333333334,0.0
2022-04-10,123352.0,2022,4,6,1,0,0,0.0,2.1374999999999997,8.9375,0.0
2022-04-11,171352.0,2022,4,0,0,0,0,0.0,3.3791666666666664,13.154166666666667,0.0
2022-04-12,191877.0,2022,4,1,0,0,0,0.0,3.4166666666666665,16.25,0.0
2022-04-13,118844.0,2022,4,2,0,0,0,9.5,1.3708333333333333,14.108333333333334,0.0
2022-04-14,191734.0,2022,4,3,0,0,0,0.2,1.8958333333333333,16.0625,0.0
2022-04-15,168992.0,2022,4,4,0,0,0,0.0,2.466666666666667,16.470833333333335,0.0
2022-04-16,124913.0,2022,4,5,1,0,0,0.0,3.375,15.254166666666668,0.0
2022-04-17,111681.0,2022,4,6,1,0,0,0.0,2.6625,15.354166666666666,0.0
2022-04-18,108723.0,2022,4,0,0,0,1,0.0,2.0875,14.858333333333334,0.0
2022-04-19,180844.0,2022,4,1,0,0,0,0.0,3.5,13.270833333333334,0.0
2022-04-20,186738.0,2022,4,2,0,0,0,0.0,3.1916666666666664,14.445833333333333,0.0
2022-04-21,198550.0,2022,4,3,0,0,0,0.0,3.345833333333333,15.316666666666665,0.0
2022-04-22,180024.0,2022,4,4,0,0,0,0.0,3.2083333333333335,15.3125,0.0
2022-04-23,116235.0,2022,4,5,1,1,0,0.4,3.1374999999999997,14.970833333333333,0.0
2022-04-24,128182.0,2022,4,6,1,1,0,0.0,3.1875,15.020833333333334,0.0
2022-04-25,153879.0,2022,4,0,0,1,0,0.0,3.983333333333333,12.704166666666666,0.0
2022-04-26,164466.0,2022,4,1,0,1,0,0.0,3.220833333333333,11.625,0.0
2022-04-27,167763.0,2022,4,2,0,1,0,0.0,3.7624999999999997,13.316666666666668,0.0
2022-04-28,166978.0,2022,4,3,0,1,0,0.0,3.341666666666667,15.708333333333334,0.0
2022-04-29,142688.0,2022,4,4,0,1,0,0.0,4.041666666666667,15.083333333333334,0.0
2022-04-30,123979.0,2022,4,5,1,1,0,0.0,4.083333333333333,12.404166666666667,0.0
2022-05-01,107360.0,2022,5,6,1,1,1,0.0,3.15,12.766666666666666,0.0
2022-05-02,144041.0,2022,5,0,0,1,0,0.0,3.1791666666666667,14.245833333333332,0.0
2022-05-03,168075.0,2022,5,1,0,1,0,0.0,4.070833333333334,14.841666666666667,0.0
2022-05-04,163795.0,2022,5,2,0,1,0,0.0,2.829166666666667,14.3125,0.0
2022-05-05,161072.0,2022,5,3,0,1,0,0.0,3.283333333333333,14.604166666666666,0.0
2022-05-06,156172.0,2022,5,4,0,1,0,0.0,2.4375,16.654166666666665,0.0
2022-05-07,125468.0,2022,5,5,1,1,0,0.0,2.829166666666667,16.5125,0.0
2022-05-08,118525.0,2022,5,6,1,1,1,0.0,3.704166666666667,16.537499999999998,0.0
2022-05-09,187484.0,2022,5,0,0,0,0,0.0,1.9958333333333333,19.400000000000002,0.0
2022-05-10,210050.0,2022,5,1,0,0,0,0.0,3.1999999999999997,21.745833333333334,0.0
2022-05-11,208039.0,2022,5,2,0,0,0,0.0,3.591666666666667,20.020833333333332,0.0
2022-05-12,208222.0,2022,5,3,0,0,0,0.0,2.466666666666667,16.766666666666666,0.0
2022-05-13,190590.0,2022,5,4,0,0,0,0.0,2.5124999999999997,16.6875,0.0
2022-05-14,156279.0,2022,5,5,1,0,0,0.0,1.8708333333333333,18.395833333333332,0.0
2022-05-15,130613.0,2022,5,6,1,0,0,3.2,2.8333333333333335,21.6875,0.0
2022-05-16,182235.0,2022,5,0,0,0,0,0.2,2.379166666666667,20.2375,0.0
2022-05-17,214170.0,2022,5,1,0,0,0,0.0,1.9958333333333333,23.5625,0.0
2022-05-18,211087.0,2022,5,2,0,0,0,0.0,2.7708333333333335,23.90416666666667,0.0
2022-05-19,204461.0,2022,5,3,0,0,0,0.0,2.7375000000000003,22.558333333333334,0.0
2022-05-20,139240.0,2022,5,4,0,0,0,3.4,2.8166666666666664,17.724999999999998,0.0
2022-05-21,148988.0,2022,5,5,1,0,0,0.0,1.7166666666666668,18.566666666666666,0.0
2022-05-22,116819.0,2022,5,6,1,0,0,0.2,2.2416666666666667,19.329166666666666,0.0
2022-05-23,133860.0,2022,5,0,0,0,0,9.1,2.4166666666666665,16.45,0.0
2022-05-24,180667.0,2022,5,1,0,0,0,0.0,3.3874999999999997,14.4125,0.0
2022-05-25,175450.0,2022,5,2,0,0,0,0.0,2.829166666666667,15.745833333333332,0.0
2022-05-26,108435.0,2022,5,3,0,1,1,0.2,2.8083333333333336,16.7375,0.0
2022-05-27,118987.0,2022,5,4,0,1,0,0.0,2.8833333333333333,16.6375,0.0
2022-05-28,116525.0,2022,5,5,1,1,0,0.0,3.2541666666666664,15.8125,0.0
2022-05-29,96387.0,2022,5,6,1,1,0,0.0,3.8874999999999997,12.9625,0.0
2022-05-30,173948.0,2022,5,0,0,0,0,0.0,2.5500000000000003,14.320833333333333,0.0
2022-05-31,199680.0,2022,5,1,0,0,0,0.0,2.2416666666666667,16.775000000000002,0.0
2022-06-01,206554.0,2022,6,2,0,0,0,0.0,2.4583333333333335,16.816666666666666,0.0
2022-06-02,206437.0,2022,6,3,0,0,0,0.0,3.0541666666666667,19.175,0.0
2022-06-03,153826.0,2022,6,4,0,0,0,1.6,1.7458333333333333,19.0125,0.0
2022-06-04,95884.0,2022,6,5,1,0,0,22.5,2.1708333333333334,19.925,0.0
2022-06-05,91188.0,2022,6,6,1,0,0,1.4,2.2041666666666666,18.654166666666665,0.0
2022-06-06,128264.0,2022,6,0,0,0,1,0.0,2.725,17.8875,0.0
2022-06-07,179861.0,2022,6,1,0,0,0,0.2,3.4166666666666665,18.8,0.0
2022-06-08,123268.0,2022,6,2,0,0,0,14.9,3.404166666666667,17.166666666666668,0.0
2022-06-09,199825.0,2022,6,3,0,0,0,0.0,2.8666666666666667,17.220833333333335,0.0
2022-06-10,187889.0,2022,6,4,0,0,0,0.0,2.595833333333333,19.483333333333334,0.0
2022-06-11,156411.0,2022,6,5,1,0,0,0.0,2.220833333333333,20.920833333333334,0.0
2022-06-12,151077.0,2022,6,6,1,0,0,0.0,3.391666666666667,19.179166666666667,0.0
2022-06-13,196200.0,2022,6,0,0,0,0,0.0,2.725,18.412499999999998,0.0
2022-06-14,217038.0,2022,6,1,0,0,0,0.0,2.375,21.154166666666665,0.0
2022-06-15,212052.0,2022,6,2,0,0,0,0.0,2.6625,24.212500000000002,0.0
2022-06-16,212814.0,2022,6,3,0,0,0,0.0,2.4291666666666667,24.295833333333334,0.0
2022-06-17,184147.0,2022,6,4,0,0,0,0.0,1.9583333333333333,27.150000000000002,0.0
2022-06-18,124162.0,2022,6,5,1,0,0,0.0,2.095833333333333,29.6875,0.0
2022-06-19,118334.0,2022,6,6,1,0,0,4.0,4.804166666666666,20.004166666666666,0.0
2022-06-20,172302.0,2022,6,0,0,0,0,9.9,3.4291666666666667,18.379166666666666,0.0
2022-06-21,211560.0,2022,6,1,0,0,0,0.7999999999999999,2.4499999999999997,21.220833333333335,0.0
2022-06-22,203152.0,2022,6,2,0,0,0,0.0,2.720833333333333,21.01666666666667,0.0
2022-06-23,207810.0,2022,6,3,0,0,0,0.0,2.7583333333333333,23.379166666666666,0.0
2022-06-24,173365.0,2022,6,4,0,0,0,9.5,3.641666666666667,20.991666666666667,0.0
2022-06-25,106768.0,2022,6,5,1,0,0,0.8,2.7125,17.241666666666667,0.0
2022-06-26,125653.0,2022,6,6,1,0,0,0.0,2.0875,17.854166666666668,0.0
2022-06-27,184807.0,2022,6,0,0,0,0,0.0,2.6833333333333336,19.25,0.0
2022-06-28,214220.0,2022,6,1,0,0,0,0.0,2.183333333333333,21.570833333333336,0.0
2022-06-29,211203.0,2022,6,2,0,0,0,0.0,2.4375,21.179166666666667,0.0
2022-06-30,127022.0,2022,6,3,0,0,0,11.7,2.2624999999999997,15.395833333333334,0.0
2022-07-01,176135.0,2022,7,4,0,0,0,0.2,2.2083333333333335,17.004166666666666,0.0
2022-07-02,148179.0,2022,7,5,1,0,0,0.0,2.154166666666667,20.720833333333335,0.0
2022-07-03,130856.0,2022,7,6,1,0,0,0.0,2.904166666666667,19.724999999999998,0.0
2022-07-04,189740.0,2022,7,0,0,0,0,0.0,2.65,20.1125,0.0
2022-07-05,210446.0,2022,7,1,0,0,0,0.0,3.158333333333333,19.779166666666665,0.0
2022-07-06,209424.0,2022,7,2,0,0,0,0.0,2.8041666666666667,20.650000000000002,0.0
2022-07-07,192643.0,2022,7,3,0,1,0,0.0,3.7125,19.020833333333332,0.0
2022-07-08,170764.0,2022,7,4,0,1,0,0.0,3.0749999999999997,20.654166666666665,0.0
2022-07-09,134179.0,2022,7,5,1,1,0,0.0,3.375,22.979166666666668,0.0
2022-07-10,126516.0,2022,7,6,1,1,0,0.0,3.8666666666666667,21.541666666666668,0.0
2022-07-11,170816.0,2022,7,0,0,1,0,0.0,3.079166666666667,24.641666666666666,0.0
2022-07-12,181032.0,2022,7,1,0,1,0,0.0,1.5916666666666668,26.77916666666667,0.0
2022-07-13,155924.0,2022,7,2,0,1,0,0.0,2.3625000000000003,28.566666666666666,0.0
2022-07-14,102691.0,2022,7,3,0,1,1,0.0,3.4875000000000003,25.541666666666668,0.0
2022-07-15,119481.0,2022,7,4,0,1,0,0.0,3.5666666666666664,22.099999999999998,0.0
2022-07-16,104452.0,2022,7,5,1,1,0,0.0,2.7875,23.27916666666667,0.0
2022-07-17,93896.0,2022,7,6,1,1,0,0.0,2.4083333333333337,25.395833333333332,0.0
2022-07-18,138508.0,2022,7,0,0,1,0,0.0,1.8333333333333333,29.587500000000002,0.0
2022-07-19,143769.0,2022,7,1,0,1,0,0.0,3.2875,31.325,0.0
2022-07-20,124904.0,2022,7,2,0,1,0,7.0,2.6083333333333334,20.733333333333334,0.0
2022-07-21,172359.0,2022,7,3,0,1,0,0.0,2.2916666666666665,22.141666666666666,0.0
2022-07-22,132864.0,2022,7,4,0,1,0,1.6,2.4166666666666665,21.191666666666666,0.0
2022-07-23,122745.0,2022,7,5,1,1,0,0.0,1.9416666666666667,22.016666666666666,0.0
2022-07-24,104593.0,2022,7,6,1,1,0,0.0,2.4541666666666666,26.191666666666666,0.0
2022-07-25,149747.0,2022,7,0,0,1,0,0.0,3.8208333333333333,23.291666666666668,0.0
2022-07-26,167481.0,2022,7,1,0,1,0,0.0,2.7458333333333336,19.745833333333334,0.0
2022-07-27,167185.0,2022,7,2,0,1,0,0.0,2.6791666666666667,20.650000000000002,0.0
2022-07-28,162788.0,2022,7,3,0,1,0,0.0,2.1625,21.599999999999998,0.0
2022-07-29,141159.0,2022,7,4,0,1,0,0.0,1.9749999999999999,23.84583333333333,0.0
2022-07-30,114641.0,2022,7,5,1,1,0,0.0,2.2624999999999997,24.72083333333333,0.0
2022-07-31,102299.0,2022,7,6,1,1,0,0.0,2.8833333333333333,23.087500000000002,0.0
2022-08-01,124276.0,2022,8,0,0,1,0,0.0,2.0500000000000003,22.96666666666667,0.0
2022-08-02,135782.0,2022,8,1,0,1,0,0.0,1.8541666666666667,24.962500000000002,0.0
2022-08-03,128510.0,2022,8,2,0,1,0,0.0,1.9041666666666668,28.3625,0.0
2022-08-04,119619.0,2022,8,3,0,1,0,0.2,3.3208333333333333,23.8625,0.0
2022-08-05,111632.0,2022,8,4,0,1,0,7.9,3.483333333333333,20.675,0.0
2022-08-06,97420.0,2022,8,5,1,1,0,0.0,4.133333333333334,20.145833333333332,0.0
2022-08-07,90734.0,2022,8,6,1,1,0,0.0,4.041666666666667,21.537499999999998,0.0
2022-08-08,123099.0,2022,8,0,0,1,0,0.0,4.191666666666666,22.916666666666668,0.0
2022-08-09,114198.0,2022,8,1,0,1,0,0.0,4.070833333333334,24.45,0.0
2022-08-10,111462.0,2022,8,2,0,1,0,0.0,3.0416666666666665,26.34166666666667,0.0
2022-08-11,105512.0,2022,8,3,0,1,0,0.0,2.8375,26.929166666666664,0.0
2022-08-12,90200.0,2022,8,4,0,1,0,0.0,2.7541666666666664,27.633333333333336,0.0
2022-08-13,78668.0,2022,8,5,1,1,0,0.0,2.3916666666666666,27.141666666666666,0.0
2022-08-14,60531.0,2022,8,6,1,1,0,11.299999999999999,2.6041666666666665,22.458333333333332,0.0
2022-08-15,72303.0,2022,8,0,0,1,1,0.2,1.8708333333333333,20.816666666666666,0.0
2022-08-16,84376.0,2022,8,1,0,1,0,47.00000000000001,1.9166666666666667,20.954166666666666,0.0
2022-08-17,88675.0,2022,8,2,0,1,0,0.4,1.6458333333333333,20.291666666666668,0.0
2022-08-18,114096.0,2022,8,3,0,1,0,0.2,2.4916666666666667,22.53333333333333,0.0
2022-08-19,87073.0,2022,8,4,0,1,0,0.7999999999999999,2.316666666666667,20.570833333333333,0.0
2022-08-20,99674.0,2022,8,5,1,1,0,0.0,2.004166666666667,19.912499999999998,0.0
2022-08-21,93460.0,2022,8,6,1,1,0,0.0,2.1958333333333333,21.204166666666666,0.0
2022-08-22,126186.0,2022,8,0,0,1,0,0.0,2.0083333333333333,21.616666666666664,0.0
2022-08-23,146027.0,2022,8,1,0,1,0,0.0,1.1708333333333334,23.116666666666664,0.0
2022-08-24,149302.0,2022,8,2,0,1,0,0.0,1.7208333333333332,26.1375,0.0
2022-08-25,148925.0,2022,8,3,0,1,0,0.0,2.983333333333333,24.770833333333332,0.0
2022-08-26,135648.0,2022,8,4,0,1,0,0.0,3.3375,21.84583333333333,0.0
2022-08-27,123084.0,2022,8,5,1,1,0,0.0,2.9583333333333335,20.825,0.0
2022-08-28,115722.0,2022,8,6,1,1,0,0.0,3.266666666666667,20.958333333333332,0.0
2022-08-29,170742.0,2022,8,0,0,1,0,0.0,3.4583333333333335,22.583333333333332,0.0
2022-08-30,190317.0,2022,8,1,0,1,0,2.2,2.495833333333333,21.474999999999998,0.0
2022-08-31,196621.0,2022,8,2,0,1,0,0.0,2.9958333333333336,21.979166666666668,0.0
2022-09-01,200823.0,2022,9,3,0,0,0,0.0,2.3125,22.508333333333336,0.0
2022-09-02,161930.0,2022,9,4,0,0,0,0.4,2.033333333333333,20.733333333333334,0.0
2022-09-03,144738.0,2022,9,5,1,0,0,0.0,2.5833333333333335,20.270833333333332,0.0
2022-09-04,144451.0,2022,9,6,1,0,0,0.0,2.4291666666666667,22.6375,0.0
2022-09-05,183493.0,2022,9,0,0,0,0,11.200000000000001,2.1666666666666665,22.4375,0.0
2022-09-06,219815.0,2022,9,1,0,0,0,0.4,2.058333333333333,21.53333333333333,0.0
2022-09-07,184018.0,2022,9,2,0,0,0,4.4,2.55,18.195833333333333,0.0
2022-09-08,189770.0,2022,9,3,0,0,0,0.2,3.3874999999999997,18.0,0.0
2022-09-09,158312.0,2022,9,4,0,0,0,3.8000000000000003,3.766666666666667,16.895833333333332,0.0
2022-09-10,109413.0,2022,9,5,1,0,0,5.2,2.7416666666666667,16.466666666666665,0.0
2022-09-11,135579.0,2022,9,6,1,0,0,0.4,1.6624999999999999,17.545833333333334,0.0
2022-09-12,212304.0,2022,9,0,0,0,0,0.0,1.8499999999999999,20.570833333333333,0.0
2022-09-13,212775.0,2022,9,1,0,0,0,0.4,2.1125000000000003,22.337500000000002,0.0
2022-09-14,199477.0,2022,9,2,0,0,0,0.2,2.75,22.183333333333334,0.0
2022-09-15,222453.0,2022,9,3,0,0,0,0.0,3.2708333333333335,18.620833333333334,0.0
2022-09-16,185279.0,2022,9,4,0,0,0,0.2,3.2624999999999997,15.112499999999999,0.0
2022-09-17,152764.0,2022,9,5,1,0,0,0.0,3.5,13.333333333333334,0.0
2022-09-18,173368.0,2022,9,6,1,0,0,0.0,2.8625000000000003,13.950000000000001,0.0
2022-09-19,198303.0,2022,9,0,0,0,0,0.0,2.6750000000000003,14.295833333333334,0.0
2022-09-20,210866.0,2022,9,1,0,0,0,0.0,1.9208333333333334,13.4125,0.0
2022-09-21,213897.0,2022,9,2,0,0,0,0.0,2.4041666666666663,14.475,0.0
2022-09-22,221045.0,2022,9,3,0,0,0,0.0,1.2666666666666666,14.970833333333333,0.0
2022-09-23,193531.0,2022,9,4,0,0,0,0.0,1.325,15.645833333333334,0.0
2022-09-24,123260.0,2022,9,5,1,0,0,3.4,1.8708333333333333,14.891666666666666,0.0
2022-09-25,124299.0,2022,9,6,1,0,0,0.2,3.35,14.9125,0.0
2022-09-26,150312.0,2022,9,0,0,0,0,7.7,3.1666666666666665,12.733333333333334,0.0
2022-09-27,159262.0,2022,9,1,0,0,0,4.6,3.3958333333333335,12.408333333333333,0.0
2022-09-28,181102.0,2022,9,2,0,0,0,0.8,2.1708333333333334,12.533333333333333,0.0
2022-09-29,195870.0,2022,9,3,0,0,0,2.2,1.4041666666666668,11.375,0.0
2022-09-30,188256.0,2022,9,4,0,0,0,2.4,2.5083333333333333,12.695833333333333,0.0
2022-10-01,139281.0,2022,10,5,1,0,0,1.4000000000000001,4.2,16.3875,0.0
2022-10-02,100674.0,2022,10,6,1,0,0,2.4000000000000004,2.783333333333333,16.029166666666665,0.0
2022-10-03,187547.0,2022,10,0,0,0,0,0.2,1.5250000000000001,11.904166666666667,0.0
2022-10-04,215018.0,2022,10,1,0,0,0,0.4,1.6916666666666667,13.204166666666666,0.0
2022-10-05,208331.0,2022,10,2,0,0,0,0.0,3.4375,16.091666666666665,0.0
2022-10-06,218981.0,2022,10,3,0,0,0,0.0,1.6333333333333335,14.2875,0.0
2022-10-07,197469.0,2022,10,4,0,0,0,0.2,1.6041666666666667,13.279166666666667,0.0
2022-10-08,156379.0,2022,10,5,1,0,0,0.0,2.1,13.825000000000001,0.0
2022-10-09,142938.0,2022,10,6,1,0,0,0.0,1.9375,12.754166666666668,0.0
2022-10-10,196353.0,2022,10,0,0,0,0,0.0,2.5708333333333333,14.520833333333334,0.0
2022-10-11,223024.0,2022,10,1,0,0,0,0.0,2.704166666666667,13.299999999999999,0.0
2022-10-12,218493.0,2022,10,2,0,0,0,0.0,1.3791666666666667,13.6,0.0
2022-10-13,179594.0,2022,10,3,0,0,0,3.4,2.470833333333333,14.116666666666667,0.0
2022-10-14,143164.0,2022,10,4,0,0,0,4.8,2.408333333333333,15.35,0.0
2022-10-15,128486.0,2022,10,5,1,0,0,4.8,2.8541666666666665,16.3875,0.0
2022-10-16,128475.0,2022,10,6,1,0,0,0.0,2.220833333333333,17.029166666666665,0.0
2022-10-17,138329.0,2022,10,0,0,0,0,13.3,2.4,17.458333333333332,0.0
2022-10-18,215577.0,2022,10,1,0,0,0,0.0,1.5166666666666666,16.9125,0.0
2022-10-19,219851.0,2022,10,2,0,0,0,0.2,2.5749999999999997,17.208333333333332,0.0
2022-10-20,189617.0,2022,10,3,0,0,0,6.2,3.0375,17.650000000000002,0.0
2022-10-21,165504.0,2022,10,4,0,0,0,10.100000000000001,2.9916666666666667,16.533333333333335,0.0
2022-10-22,161055.0,2022,10,5,1,1,0,0.2,2.4166666666666665,16.429166666666667,0.0
2022-10-23,127658.0,2022,10,6,1,1,0,0.2,3.9333333333333336,18.175,0.0
2022-10-24,170070.0,2022,10,0,0,1,0,0.0,4.4375,16.25,0.0
2022-10-25,194907.0,2022,10,1,0,1,0,0.2,2.6916666666666664,15.7125,0.0
2022-10-26,196637.0,2022,10,2,0,1,0,0.0,2.375,17.083333333333332,0.0
2022-10-27,192707.0,2022,10,3,0,1,0,0.2,3.1166666666666667,17.495833333333334,0.0
2022-10-28,165950.0,2022,10,4,0,1,0,0.0,2.6374999999999997,18.295833333333334,0.0
2022-10-29,126704.0,2022,10,5,1,1,0,0.0,2.6083333333333334,18.587500000000002,0.0
2022-10-30,104057.0,2022,10,6,1,1,0,0.0,1.6708333333333334,15.525,0.0
2022-10-31,108966.0,2022,10,0,0,1,0,2.2,2.7583333333333333,16.116666666666667,0.0
2022-11-01,107117.0,2022,11,1,0,1,1,0.0,4.7124999999999995,14.279166666666667,0.0
2022-11-02,166902.0,2022,11,2,0,1,0,0.4,2.85,12.424999999999999,0.0
2022-11-03,139128.0,2022,11,3,0,1,0,4.2,3.6875,11.733333333333334,0.0
2022-11-04,140909.0,2022,11,4,0,1,0,1.8,3.654166666666667,10.445833333333333,0.0
2022-11-05,117840.0,2022,11,5,1,1,0,0.0,2.725,9.225,0.0
2022-11-06,59123.0,2022,11,6,1,1,0,8.7,3.454166666666667,10.079166666666667,0.0
2022-11-07,175344.0,2022,11,0,0,0,0,0.0,3.654166666666667,13.279166666666667,0.0
2022-11-08,194074.0,2022,11,1,0,0,0,0.2,4.254166666666666,13.4,0.0
2022-11-09,197258.0,2022,11,2,0,0,0,0.6000000000000001,2.920833333333333,12.125,0.0
2022-11-10,271600.0,2022,11,3,0,0,0,0.2,2.7125,9.233333333333333,0.0
2022-11-11,119456.0,2022,11,4,0,0,1,0.0,2.4,10.158333333333333,0.0
2022-11-12,126118.0,2022,11,5,1,0,0,0.4,1.3833333333333335,10.704166666666666,0.0
2022-11-13,109860.0,2022,11,6,1,0,0,0.2,1.425,10.033333333333333,0.0
2022-11-14,167723.0,2022,11,0,0,0,0,0.2,2.3000000000000003,9.25,0.0
2022-11-15,158472.0,2022,11,1,0,0,0,4.6000000000000005,3.2874999999999996,10.733333333333334,0.0
2022-11-16,147942.0,2022,11,2,0,0,0,9.1,4.7,10.970833333333333,0.0
2022-11-17,178450.0,2022,11,3,0,0,0,1.8,4.595833333333333,11.895833333333334,0.0
2022-11-18,177464.0,2022,11,4,0,0,0,0.2,3.125,9.541666666666666,0.0
2022-11-19,133606.0,2022,11,5,1,0,0,0.0,2.4541666666666666,8.483333333333333,0.0
2022-11-20,83128.0,2022,11,6,1,0,0,1.0,3.233333333333333,7.670833333333333,0.0
2022-11-21,146798.0,2022,11,0,0,0,0,3.6,3.408333333333333,7.0375000000000005,0.0
2022-11-22,162640.0,2022,11,1,0,0,0,1.0,4.366666666666666,8.129166666666666,0.0
2022-11-23,162859.0,2022,11,2,0,0,0,5.0,3.85,8.433333333333334,0.0
2022-11-24,191286.0,2022,11,3,0,0,0,0.4,3.8833333333333333,10.049999999999999,0.0
2022-11-25,167077.0,2022,11,4,0,0,0,0.6000000000000001,2.1458333333333335,9.479166666666666,0.0
2022-11-26,120469.0,2022,11,5,1,0,0,0.2,2.7416666666666667,6.7,0.0
2022-11-27,73146.0,2022,11,6,1,0,0,3.8,3.2708333333333335,7.779166666666666,0.0
2022-11-28,165104.0,2022,11,0,0,0,0,1.4000000000000001,2.0208333333333335,9.079166666666667,0.0
2022-11-29,186916.0,2022,11,1,0,0,0,0.0,1.5374999999999999,7.954166666666667,0.0
2022-11-30,178163.0,2022,11,2,0,0,0,0.0,2.5708333333333333,6.6875,0.0
2022-12-01,180754.0,2022,12,3,0,0,0,0.0,4.375,5.666666666666667,0.0
2022-12-02,141012.0,2022,12,4,0,0,0,2.6,3.6916666666666664,4.779166666666667,0.0
2022-12-03,97770.0,2022,12,5,1,0,0,0.0,4.129166666666666,3.4916666666666667,0.0
2022-12-04,77273.0,2022,12,6,1,0,0,1.0,3.1916666666666664,3.5041666666666664,0.0
2022-12-05,130487.0,2022,12,0,0,0,0,3.4000000000000004,2.1750000000000003,2.6666666666666665,0.0
2022-12-06,162118.0,2022,12,1,0,0,0,0.0,2.091666666666667,3.8249999999999997,0.0
2022-12-07,164802.0,2022,12,2,0,0,0,0.0,1.6333333333333335,4.308333333333334,0.0
2022-12-08,167260.0,2022,12,3,0,0,0,0.0,1.6083333333333334,3.275,0.0
2022-12-09,145214.0,2022,12,4,0,0,0,0.0,2.558333333333333,2.2958333333333334,0.0
2022-12-10,104466.0,2022,12,5,1,0,0,0.0,2.3041666666666667,1.7833333333333332,0.0
2022-12-11,72759.0,2022,12,6,1,0,0,0.0,2.8208333333333333,-1.3625,0.0
2022-12-12,136575.0,2022,12,0,0,0,0,0.0,2.6750000000000003,-1.3791666666666667,0.0
2022-12-13,144835.0,2022,12,1,0,0,0,0.0,2.733333333333333,-0.6041666666666666,0.0
2022-12-14,116711.0,2022,12,2,0,0,0,0.2,2.1999999999999997,0.8916666666666666,0.0
2022-12-15,138352.0,2022,12,3,0,0,0,0.0,3.4499999999999997,0.029166666666666664,0.0
2022-12-16,126552.0,2022,12,4,0,0,0,0.0,2.8541666666666665,0.058333333333333355,0.0
2022-12-17,78001.0,2022,12,5,1,1,0,0.0,2.15,-1.625,0.0
2022-12-18,52408.0,2022,12,6,1,1,0,4.2,3.233333333333333,-1.3166666666666667,0.0
2022-12-19,106989.0,2022,12,0,0,1,0,0.8,3.8249999999999997,8.9,0.0
2022-12-20,98515.0,2022,12,1,0,1,0,7.0,3.7291666666666665,11.208333333333334,0.0
2022-12-21,99500.0,2022,12,2,0,1,0,7.3,3.8958333333333335,10.591666666666667,0.0
2022-12-22,77640.0,2022,12,3,0,1,0,9.3,4.766666666666667,12.575000000000001,0.0
2022-12-23,69617.0,2022,12,4,0,1,0,3.0,3.8000000000000003,13.5,0.0
2022-12-24,37981.0,2022,12,5,1,1,0,1.0,2.8874999999999997,10.854166666666666,0.0
2022-12-25,25968.0,2022,12,6,1,1,1,0.2,3.295833333333333,11.745833333333332,0.0
2022-12-26,49615.0,2022,12,0,0,1,0,1.0,3.516666666666667,9.883333333333333,0.0
2022-12-27,69006.0,2022,12,1,0,1,0,0.0,3.0124999999999997,6.529166666666666,0.0
2022-12-28,59220.0,2022,12,2,0,1,0,2.5999999999999996,5.366666666666667,10.375,0.0
2022-12-29,77640.0,2022,12,3,0,1,0,4.8,4.354166666666667,10.033333333333333,0.0
2022-12-30,53132.0,2022,12,4,0,1,0,3.4,5.404166666666666,10.466666666666667,0.0
2022-12-31,63203.0,2022,12,5,1,1,0,0.2,6.404166666666666,15.220833333333333,0.0
2023-01-01,43128.0,2023,1,6,1,1,1,1.4000000000000001,4.204166666666667,13.075000000000001,0.0
2023-01-02,91358.0,2023,1,0,0,1,0,5.4,2.9958333333333336,10.545833333333333,0.0
2023-01-03,150433.0,2023,1,1,0,0,0,2.0,3.5375,7.841666666666666,0.0
2023-01-04,140964.0,2023,1,2,0,0,0,0.8,5.316666666666666,11.9375,0.0
2023-01-05,158641.0,2023,1,3,0,0,0,0.2,2.9916666666666667,12.6875,0.0
2023-01-06,152641.0,2023,1,4,0,0,0,0.0,3.5208333333333335,11.504166666666668,0.0
2023-01-07,100979.0,2023,1,5,1,0,0,1.0,4.675,10.045833333333333,0.0
2023-01-08,81607.0,2023,1,6,1,0,0,2.2,4.654166666666667,9.424999999999999,0.0
2023-01-09,139049.0,2023,1,0,0,0,0,4.2,4.795833333333333,7.2749999999999995,0.0
2023-01-10,293318.0,2023,1,1,0,0,0,2.6,3.9916666666666667,7.3625,0.0
2023-01-11,330062.0,2023,1,2,0,0,0,3.8,4.791666666666667,10.829166666666666,0.0
2023-01-12,326424.0,2023,1,3,0,0,0,1.0,5.504166666666666,10.8375,0.0
2023-01-13,308688.0,2023,1,4,0,0,0,2.4000000000000004,4.170833333333333,9.433333333333334,0.0
2023-01-14,156238.0,2023,1,5,1,0,0,12.9,5.4875,10.2875,0.0
2023-01-15,182254.0,2023,1,6,1,0,0,0.8,5.370833333333334,7.245833333333334,0.0
2023-01-16,226744.0,2023,1,0,0,0,0,9.3,5.795833333333333,5.483333333333333,0.0
2023-01-17,293062.0,2023,1,1,0,0,0,0.6000000000000001,2.9916666666666667,2.6083333333333334,0.0
2023-01-18,315982.0,2023,1,2,0,0,0,0.0,2.8125,2.5916666666666663,0.0
2023-01-19,413936.0,2023,1,3,0,0,0,1.6,2.2375000000000003,1.6166666666666665,0.0
2023-01-20,296096.0,2023,1,4,0,0,0,0.0,3.095833333333333,3.266666666666667,0.0
2023-01-21,105279.0,2023,1,5,1,0,0,0.2,5.108333333333333,2.220833333333333,0.0
2023-01-22,148418.0,2023,1,6,1,0,0,0.0,4.8875,1.05,0.0
2023-01-23,288884.0,2023,1,0,0,0,0,0.0,4.066666666666667,2.2916666666666665,0.0
2023-01-24,315300.0,2023,1,1,0,0,0,0.2,3.7125,2.620833333333333,0.0
2023-01-25,295800.0,2023,1,2,0,0,0,0.0,2.6375,1.1416666666666666,0.0
2023-01-26,284438.0,2023,1,3,0,0,0,0.6000000000000001,2.704166666666667,2.8958333333333335,0.0
2023-01-27,276064.0,2023,1,4,0,0,0,0.0,4.733333333333333,4.891666666666667,0.0
2023-01-28,190622.0,2023,1,5,1,0,0,0.0,4.441666666666666,3.25,0.0
2023-01-29,161956.0,2023,1,6,1,0,0,0.0,1.9541666666666666,2.4375,0.0
2023-01-30,290312.0,2023,1,0,0,0,0,0.2,2.8375,6.1499999999999995,0.0
2023-01-31,215691.0,2023,1,1,0,0,0,0.2,2.5541666666666667,5.816666666666666,0.0
2023-02-01,177490.0,2023,2,2,0,0,0,0.0,3.608333333333333,8.416666666666666,0.0
2023-02-02,177665.0,2023,2,3,0,0,0,0.0,3.204166666666667,8.304166666666667,0.0
2023-02-03,156050.0,2023,2,4,0,0,0,0.0,3.029166666666667,9.174999999999999,0.0
2023-02-04,97180.0,2023,2,5,1,0,0,1.2,2.7291666666666665,9.495833333333334,0.0
2023-02-05,93382.0,2023,2,6,1,0,0,0.0,4.391666666666667,7.691666666666666,0.0
2023-02-06,168933.0,2023,2,0,0,0,0,0.2,3.8208333333333333,4.579166666666667,0.0
2023-02-07,213143.0,2023,2,1,0,0,0,0.0,3.2458333333333336,3.1958333333333333,0.0
2023-02-08,178367.0,2023,2,2,0,0,0,0.0,1.8250000000000002,2.5208333333333335,0.0
2023-02-09,174683.0,2023,2,3,0,0,0,0.0,1.45,2.920833333333333,0.0
2023-02-10,157235.0,2023,2,4,0,0,0,0.0,1.9708333333333334,6.55,0.0
2023-02-11,120682.0,2023,2,5,1,0,0,0.0,1.7458333333333333,6.6125,0.0
2023-02-12,95742.0,2023,2,6,1,0,0,0.0,2.3833333333333333,7.620833333333334,0.0
2023-02-13,171488.0,2023,2,0,0,0,0,0.0,1.6875,6.908333333333334,0.0
2023-02-14,193575.0,2023,2,1,0,0,0,0.0,1.2958333333333334,6.966666666666666,0.0
2023-02-15,182787.0,2023,2,2,0,0,0,0.0,1.6624999999999999,7.029166666666666,0.0
2023-02-16,183532.0,2023,2,3,0,0,0,0.0,2.954166666666667,9.308333333333334,0.0
2023-02-17,160896.0,2023,2,4,0,0,0,0.0,3.125,12.941666666666668,0.0
2023-02-18,115948.0,2023,2,5,1,1,0,0.0,3.8708333333333336,11.641666666666666,0.0
2023-02-19,102769.0,2023,2,6,1,1,0,0.0,2.920833333333333,10.758333333333333,0.0
2023-02-20,155384.0,2023,2,0,0,1,0,0.0,1.575,8.025,0.0
2023-02-21,170368.0,2023,2,1,0,1,0,0.0,1.4166666666666667,9.516666666666667,0.0
2023-02-22,147190.0,2023,2,2,0,1,0,0.2,2.5708333333333333,9.283333333333333,0.0
2023-02-23,153951.0,2023,2,3,0,1,0,0.0,2.9499999999999997,8.766666666666667,0.0
2023-02-24,132443.0,2023,2,4,0,1,0,0.0,3.845833333333333,8.304166666666667,0.0
2023-02-25,98702.0,2023,2,5,1,1,0,0.0,4.5625,6.170833333333333,0.0
2023-02-26,72058.0,2023,2,6,1,1,0,0.0,5.908333333333334,2.775,0.0
2023-02-27,117943.0,2023,2,0,0,1,0,0.0,5.575,2.9458333333333333,0.0
2023-02-28,131274.0,2023,2,1,0,1,0,0.0,4.216666666666667,2.466666666666667,0.0
2023-03-01,133878.0,2023,3,2,0,1,0,0.0,4.004166666666666,3.0708333333333333,0.0
2023-03-02,140236.0,2023,3,3,0,1,0,0.0,3.4499999999999997,4.533333333333333,2.0
2023-03-03,126490.0,2023,3,4,0,1,0,0.0,3.904166666666667,4.670833333333333,0.0
2023-03-04,92961.0,2023,3,5,1,1,0,0.0,3.4916666666666667,4.383333333333334,0.0
2023-03-05,81466.0,2023,3,6,1,1,0,0.0,1.9958333333333333,6.058333333333334,0.0
2023-03-06,158435.0,2023,3,0,0,0,0,0.0,2.920833333333333,5.783333333333334,4.0
2023-03-07,211992.0,2023,3,1,0,0,0,1.4,3.670833333333333,6.845833333333334,0.0
2023-03-08,331514.0,2023,3,2,0,0,0,32.0,4.616666666666666,10.183333333333334,0.0
2023-03-09,,2023,3,3,0,0,0,2.8000000000000003,5.2375,11.920833333333334,0.0
2023-03-10,128885.0,2023,3,4,0,0,0,4.4,5.658333333333334,7.820833333333333,0.0
2023-03-11,112137.0,2023,3,5,1,0,0,0.4,2.558333333333333,6.295833333333333,0.0
2023-03-12,100459.0,2023,3,6,1,0,0,2.0,3.8083333333333336,11.658333333333333,0.0
2023-03-13,159390.0,2023,3,0,0,0,0,0.2,5.708333333333333,13.4625,0.0
2023-03-14,169227.0,2023,3,1,0,0,0,2.2,5.291666666666667,8.745833333333334,0.0
2023-03-15,187402.0,2023,3,2,0,0,0,0.0,1.9958333333333333,7.233333333333333,0.0
2023-03-16,196793.0,2023,3,3,0,0,0,0.0,3.345833333333333,11.283333333333333,0.0
2023-03-17,161579.0,2023,3,4,0,0,0,2.6,3.375,12.65,0.0
2023-03-18,120848.0,2023,3,5,1,0,0,1.0,4.0125,12.475,0.0
2023-03-19,88842.0,2023,3,6,1,0,0,2.4,2.975,10.15,0.0
2023-03-20,176028.0,2023,3,0,0,0,0,0.0,2.3208333333333333,10.0375,0.0
2023-03-21,197620.0,2023,3,1,0,0,0,0.2,3.3125,12.295833333333334,0.0
2023-03-22,172214.0,2023,3,2,0,0,0,1.5999999999999999,5.045833333333333,11.991666666666667,0.0
2023-03-23,211794.0,2023,3,3,0,0,0,0.8,5.25,13.883333333333333,0.0
2023-03-24,157672.0,2023,3,4,0,0,0,2.4000000000000004,5.058333333333334,12.629166666666668,0.0
2023-03-25,126997.0,2023,3,5,1,0,0,0.2,5.129166666666666,11.450000000000001,0.0
2023-03-26,87953.0,2023,3,6,1,0,0,5.4,4.995833333333333,9.791666666666666,0.0
2023-03-27,173445.0,2023,3,0,0,0,0,0.0,3.7291666666666665,7.866666666666667,0.0
2023-03-28,201057.0,2023,3,1,0,0,0,0.0,3.1999999999999997,7.9125000000000005,0.0
2023-03-29,205136.0,2023,3,2,0,0,0,0.0,3.6999999999999997,15.4375,0.0
2023-03-30,197237.0,2023,3,3,0,0,0,2.8,4.8374999999999995,14.770833333333334,0.0
2023-03-31,,2023,3,4,0,0,0,5.1,6.645833333333333,12.633333333333333,0.0
2023-04-01,115286.0,2023,4,5,1,0,0,2.2,5.420833333333333,11.595833333333333,0.0
2023-04-02,92699.0,2023,4,6,1,0,0,0.7999999999999999,5.4375,8.208333333333334,0.0
2023-04-03,179773.0,2023,4,0,0,0,0,0.0,3.908333333333333,8.545833333333333,0.0
2023-04-04,204050.0,2023,4,1,0,0,0,0.0,3.3249999999999997,7.7875000000000005,0.0
2023-04-05,202032.0,2023,4,2,0,0,0,0.0,1.5958333333333332,9.829166666666667,0.0
2023-04-06,184138.0,2023,4,3,0,0,0,0.4,2.9250000000000003,11.745833333333332,0.0
2023-04-07,168630.0,2023,4,4,0,0,0,0.0,3.375,10.620833333333334,0.0
2023-04-08,121317.0,2023,4,5,1,0,0,0.0,2.9625,10.208333333333334,0.0
2023-04-09,106361.0,2023,4,6,1,0,0,0.0,1.8958333333333333,12.725,0.0
2023-04-10,72858.0,2023,4,0,0,0,1,5.8999999999999995,3.404166666666667,12.674999999999999,0.0
2023-04-11,162018.0,2023,4,1,0,0,0,7.9,3.7916666666666665,10.533333333333333,0.0
2023-04-12,145070.0,2023,4,2,0,0,0,9.9,4.970833333333333,9.858333333333333,0.0
2023-04-13,182358.0,2023,4,3,0,0,0,0.2,3.8541666666666665,9.704166666666667,0.0
2023-04-14,140295.0,2023,4,4,0,0,0,3.0,3.0708333333333333,7.483333333333333,0.0
2023-04-15,110219.0,2023,4,5,1,0,0,10.700000000000001,4.241666666666666,10.416666666666666,0.0
2023-04-16,128396.0,2023,4,6,1,0,0,0.0,3.9166666666666665,10.995833333333332,0.0
2023-04-17,174061.0,2023,4,0,0,0,0,0.0,3.6,9.808333333333334,0.0
2023-04-18,196185.0,2023,4,1,0,0,0,0.2,3.795833333333333,11.841666666666667,0.0
2023-04-19,209049.0,2023,4,2,0,0,0,0.0,3.654166666666667,14.012500000000001,0.0
2023-04-20,200734.0,2023,4,3,0,0,0,0.0,4.1499999999999995,9.404166666666667,0.0
2023-04-21,173465.0,2023,4,4,0,0,0,0.0,1.5458333333333334,9.5875,0.0
2023-04-22,103218.0,2023,4,5,1,1,0,8.1,2.775,12.033333333333333,0.0
2023-04-23,69956.0,2023,4,6,1,1,0,6.300000000000001,3.8125,11.266666666666666,0.0
2023-04-24,142553.0,2023,4,0,0,1,0,1.7999999999999998,3.266666666666667,10.708333333333334,0.0
2023-04-25,162908.0,2023,4,1,0,1,0,0.0,2.4875000000000003,9.129166666666666,0.0
2023-04-26,166677.0,2023,4,2,0,1,0,0.2,1.7541666666666667,10.720833333333333,0.0
2023-04-27,160003.0,2023,4,3,0,1,0,0.8,2.245833333333333,14.854166666666666,0.0
2023-04-28,141336.0,2023,4,4,0,1,0,7.699999999999999,3.3375,17.333333333333332,0.0
2023-04-29,109368.0,2023,4,5,1,1,0,0.0,2.8625000000000003,12.708333333333334,0.0
2023-04-30,,2023,4,6,1,1,0,0.0,1.8833333333333335,13.941666666666668,0.0
2023-05-01,82780.0,2023,5,0,0,1,1,3.3,2.904166666666667,13.170833333333334,0.0
2023-05-02,166120.0,2023,5,1,0,1,0,0.2,2.7916666666666665,14.366666666666667,0.0
2023-05-03,184359.0,2023,5,2,0,1,0,0.0,3.233333333333333,15.829166666666666,0.0
2023-05-04,182954.0,2023,5,3,0,1,0,0.0,3.3208333333333333,18.266666666666666,0.0
2023-05-05,132019.0,2023,5,4,0,1,0,2.0,2.704166666666667,16.229166666666668,0.0
2023-05-06,112642.0,2023,5,5,1,1,0,8.0,1.7541666666666667,16.5875,0.0
2023-05-07,61833.0,2023,5,6,1,1,0,22.5,1.8041666666666665,15.545833333333334,0.0
2023-05-08,109205.0,2023,5,0,0,1,1,0.0,1.7666666666666666,15.487499999999999,0.0
2023-05-09,118649.0,2023,5,1,0,0,0,12.700000000000001,2.6333333333333333,14.433333333333332,0.0
2023-05-10,144671.0,2023,5,2,0,0,0,4.8,3.025,13.545833333333334,0.0
2023-05-11,191806.0,2023,5,3,0,0,0,0.0,2.125,13.4625,0.0
2023-05-12,162178.0,2023,5,4,0,0,0,1.2000000000000002,3.045833333333333,12.570833333333333,0.0
2023-05-13,149662.0,2023,5,5,1,0,0,0.0,4.116666666666666,15.795833333333334,0.0
2023-05-14,126947.0,2023,5,6,1,0,0,0.0,3.1916666666666664,14.108333333333334,0.0
2023-05-15,158301.0,2023,5,0,0,0,0,2.6,3.266666666666667,12.204166666666666,0.0
2023-05-16,205679.0,2023,5,1,0,0,0,0.0,4.6875,12.424999999999999,0.0
2023-05-17,187158.0,2023,5,2,0,0,0,0.0,4.316666666666666,13.783333333333333,0.0
2023-05-18,126163.0,2023,5,3,0,0,1,0.0,4.1375,13.758333333333333,0.0
2023-05-19,133491.0,2023,5,4,0,0,0,0.0,3.975,15.220833333333333,0.0
2023-05-20,120094.0,2023,5,5,1,0,0,0.0,4.633333333333334,16.8875,0.0
2023-05-21,115862.0,2023,5,6,1,0,0,0.0,4.3,17.691666666666666,0.0
2023-05-22,189708.0,2023,5,0,0,0,0,0.0,3.7541666666666664,17.029166666666665,0.0
2023-05-23,206373.0,2023,5,1,0,0,0,0.0,4.941666666666666,15.016666666666666,0.0
2023-05-24,214431.0,2023,5,2,0,0,0,0.0,4.575,14.7875,0.0
2023-05-25,222842.0,2023,5,3,0,0,0,0.0,4.466666666666667,17.079166666666666,0.0
2023-05-26,191901.0,2023,5,4,0,0,0,0.0,3.920833333333333,17.529166666666665,0.0
2023-05-27,147678.0,2023,5,5,1,0,0,0.0,3.5583333333333336,19.070833333333333,0.0
2023-05-28,136712.0,2023,5,6,1,0,0,0.0,4.004166666666666,20.825,0.0
2023-05-29,142735.0,2023,5,0,0,0,1,0.0,5.241666666666666,19.054166666666667,0.0
2023-05-30,223392.0,2023,5,1,0,0,0,0.0,5.066666666666666,17.724999999999998,0.0
2023-05-31,,2023,5,2,0,0,0,0.0,4.445833333333334,20.183333333333334,0.0
2023-06-01,239473.0,2023,6,3,0,0,0,0.0,4.420833333333333,20.633333333333333,0.0
2023-06-02,209870.0,2023,6,4,0,0,0,0.0,5.0874999999999995,16.0,0.0
2023-06-03,170774.0,2023,6,5,1,0,0,0.0,3.7375000000000003,19.150000000000002,0.0
2023-06-04,150664.0,2023,6,6,1,0,0,0.0,4.195833333333334,20.9375,0.0
2023-06-05,214327.0,2023,6,0,0,0,0,0.0,4.3625,20.325,0.0
2023-06-06,238863.0,2023,6,1,0,0,0,0.0,3.970833333333333,20.058333333333334,0.0
2023-06-07,235027.0,2023,6,2,0,0,0,0.0,3.779166666666667,21.52916666666667,0.0
2023-06-08,240443.0,2023,6,3,0,0,0,0.0,2.9583333333333335,22.754166666666666,0.0
2023-06-09,209551.0,2023,6,4,0,0,0,0.0,2.6750000000000003,24.96666666666667,0.0
2023-06-10,160922.0,2023,6,5,1,0,0,0.2,2.6,24.045833333333334,0.0
2023-06-11,127632.0,2023,6,6,1,0,0,4.4,2.466666666666667,22.575,0.0
2023-06-12,201227.0,2023,6,0,0,0,0,0.0,2.6041666666666665,22.03333333333333,0.0
2023-06-13,238148.0,2023,6,1,0,0,0,0.0,2.9250000000000003,24.400000000000002,0.0
2023-06-14,244746.0,2023,6,2,0,0,0,0.0,2.4,24.504166666666666,0.0
2023-06-15,239149.0,2023,6,3,0,0,0,0.0,2.470833333333333,24.016666666666666,0.0
2023-06-16,212006.0,2023,6,4,0,0,0,0.0,2.158333333333333,24.6125,0.0
2023-06-17,158642.0,2023,6,5,1,0,0,0.6,2.341666666666667,24.979166666666668,0.0
2023-06-18,119664.0,2023,6,6,1,0,0,14.3,2.8125,22.474999999999998,0.0
2023-06-19,192812.0,2023,6,0,0,0,0,0.4,1.8458333333333332,20.770833333333332,0.0
2023-06-20,222896.0,2023,6,1,0,0,0,0.2,3.158333333333333,22.358333333333334,0.0
2023-06-21,244110.0,2023,6,2,0,0,0,0.0,2.0625,23.141666666666666,0.0
2023-06-22,165424.0,2023,6,3,0,0,0,16.3,3.529166666666667,20.529166666666665,0.0
2023-06-23,215917.0,2023,6,4,0,0,0,0.0,2.1583333333333337,22.65833333333333,0.0
2023-06-24,166776.0,2023,6,5,1,0,0,0.0,2.308333333333333,24.579166666666666,0.0
2023-06-25,143261.0,2023,6,6,1,0,0,0.0,2.720833333333333,26.995833333333334,0.0
2023-06-26,212419.0,2023,6,0,0,0,0,0.0,3.5500000000000003,20.166666666666668,0.0
2023-06-27,229609.0,2023,6,1,0,0,0,0.0,2.6833333333333336,20.375,0.0
2023-06-28,230339.0,2023,6,2,0,0,0,0.0,1.9583333333333333,21.900000000000002,0.0
2023-06-29,217811.0,2023,6,3,0,0,0,0.0,2.6166666666666667,21.516666666666666,0.0
2023-06-30,,2023,6,4,0,0,0,0.0,3.266666666666667,19.958333333333332,0.0
2023-07-01,25139.0,2023,7,5,1,0,0,1.6,3.8666666666666667,19.591666666666665,0.0
2023-07-02,4970.0,2023,7,6,1,0,0,0.0,3.3208333333333333,19.133333333333333,0.0
2023-07-03,201929.0,2023,7,0,0,0,0,0.0,3.25,20.125,0.0
2023-07-04,195249.0,2023,7,1,0,0,0,16.5,2.7541666666666664,18.75,0.0
2023-07-05,209454.0,2023,7,2,0,0,0,0.0,3.3958333333333335,17.087500000000002,0.0
2023-07-06,222493.0,2023,7,3,0,0,0,0.0,1.5666666666666667,20.933333333333334,0.0
2023-07-07,196357.0,2023,7,4,0,0,0,0.0,2.620833333333333,24.629166666666666,0.0
2023-07-08,145910.0,2023,7,5,1,1,0,0.0,2.625,27.349999999999998,0.0
2023-07-09,115364.0,2023,7,6,1,1,0,0.2,2.733333333333333,24.041666666666668,0.0
2023-07-10,194783.0,2023,7,0,0,1,0,0.0,2.2583333333333333,23.995833333333334,0.0
2023-07-11,215289.0,2023,7,1,0,1,0,0.0,2.891666666666667,25.287499999999998,0.0
2023-07-12,207657.0,2023,7,2,0,1,0,0.0,3.0625,21.125,0.0
2023-07-13,178771.0,2023,7,3,0,1,0,0.0,2.6583333333333337,20.349999999999998,0.0
2023-07-14,117488.0,2023,7,4,0,1,1,0.0,3.716666666666667,24.616666666666664,0.0
2023-07-15,113820.0,2023,7,5,1,1,0,3.3,4.633333333333334,22.304166666666664,0.0
2023-07-16,108162.0,2023,7,6,1,1,0,0.0,3.8499999999999996,20.304166666666667,0.0
2023-07-17,173851.0,2023,7,0,0,1,0,0.0,2.470833333333333,20.095833333333335,0.0
2023-07-18,201100.0,2023,7,1,0,1,0,0.0,2.033333333333333,23.099999999999998,0.0
2023-07-19,205148.0,2023,7,2,0,1,0,0.0,3.4499999999999997,20.916666666666668,0.0
2023-07-20,214841.0,2023,7,3,0,1,0,0.0,1.9083333333333332,20.795833333333334,0.0
2023-07-21,172945.0,2023,7,4,0,1,0,0.0,2.720833333333333,19.879166666666666,0.0
2023-07-22,142357.0,2023,7,5,1,1,0,0.0,3.3000000000000003,20.333333333333332,0.0
2023-07-23,93341.0,2023,7,6,1,1,0,0.6000000000000001,4.229166666666667,20.708333333333332,0.0
2023-07-24,149488.0,2023,7,0,0,1,0,1.2000000000000002,3.3541666666666665,19.608333333333334,0.0
2023-07-25,139796.0,2023,7,1,0,1,0,17.2,2.716666666666667,16.845833333333335,0.0
2023-07-26,188472.0,2023,7,2,0,1,0,0.0,2.6458333333333335,18.583333333333332,0.0
2023-07-27,141961.0,2023,7,3,0,1,0,3.2,3.5708333333333333,19.583333333333332,0.0
2023-07-28,98021.0,2023,7,4,0,1,0,51.5,2.4,20.462500000000002,0.0
2023-07-29,104506.0,2023,7,5,1,1,0,1.8,2.841666666666667,20.595833333333335,0.0
2023-07-30,107394.0,2023,7,6,1,1,0,0.0,3.4583333333333335,19.491666666666667,0.0
2023-07-31,,2023,7,0,0,1,0,7.2,4.333333333333333,18.8625,0.0
2023-08-01,138011.0,2023,8,1,0,1,0,4.2,4.2,19.041666666666668,0.0
2023-08-02,105327.0,2023,8,2,0,1,0,28.4,6.033333333333334,20.0,0.0
2023-08-03,95536.0,2023,8,3,0,1,0,4.6000000000000005,3.5208333333333335,17.045833333333334,0.0
2023-08-04,102161.0,2023,8,4,0,1,0,2.4,2.529166666666667,17.729166666666668,0.0
2023-08-05,75422.0,2023,8,5,1,1,0,1.0,4.145833333333333,16.175,0.0
2023-08-06,81771.0,2023,8,6,1,1,0,0.2,3.9499999999999997,16.425,0.0
2023-08-07,109051.0,2023,8,0,0,1,0,0.0,2.5833333333333335,17.75,0.0
2023-08-08,126806.0,2023,8,1,0,1,0,0.0,2.3375,19.729166666666668,0.0
2023-08-09,123961.0,2023,8,2,0,1,0,0.0,1.7291666666666667,19.974999999999998,0.0
2023-08-10,124355.0,2023,8,3,0,1,0,0.0,1.8333333333333333,22.495833333333334,0.0
2023-08-11,90290.0,2023,8,4,0,1,0,3.4,2.1708333333333334,21.833333333333332,0.0
2023-08-12,78131.0,2023,8,5,1,1,0,10.5,2.525,21.366666666666664,0.0
2023-08-13,74812.0,2023,8,6,1,1,0,0.0,2.275,20.366666666666667,0.0
2023-08-14,77380.0,2023,8,0,0,1,0,1.8,2.5458333333333334,21.40416666666667,0.0
2023-08-15,81823.0,2023,8,1,0,1,1,0.0,1.8333333333333333,21.34583333333333,0.0
2023-08-16,108173.0,2023,8,2,0,1,0,0.0,2.6999999999999997,22.491666666666664,0.0
2023-08-17,110084.0,2023,8,3,0,1,0,0.0,2.6125000000000003,23.866666666666664,0.0
2023-08-18,99052.0,2023,8,4,0,1,0,0.0,1.9749999999999999,25.34166666666667,0.0
2023-08-19,82080.0,2023,8,5,1,1,0,2.2,2.5083333333333333,24.054166666666664,0.0
2023-08-20,88766.0,2023,8,6,1,1,0,0.0,2.3541666666666665,24.6875,0.0
2023-08-21,134995.0,2023,8,0,0,1,0,0.0,2.3666666666666667,23.53333333333333,0.0
2023-08-22,141651.0,2023,8,1,0,1,0,0.0,2.058333333333333,24.979166666666668,0.0
2023-08-23,147513.0,2023,8,2,0,1,0,0.0,2.183333333333333,25.141666666666666,0.0
2023-08-24,138980.0,2023,8,3,0,1,0,0.4,2.558333333333333,23.95,0.0
2023-08-25,127501.0,2023,8,4,0,1,0,0.0,2.4583333333333335,20.408333333333335,0.0
2023-08-26,121858.0,2023,8,5,1,1,0,1.4,2.6999999999999997,17.995833333333334,0.0
2023-08-27,99314.0,2023,8,6,1,1,0,4.1,2.6,16.604166666666668,0.0
2023-08-28,158238.0,2023,8,0,0,1,0,0.0,2.5416666666666665,16.787499999999998,0.0
2023-08-29,195726.0,2023,8,1,0,1,0,0.0,2.091666666666667,17.291666666666668,0.0
2023-08-30,189966.0,2023,8,2,0,1,0,0.0,2.766666666666667,16.925,0.0
2023-08-31,,2023,8,3,0,1,0,1.6,2.308333333333333,16.845833333333335,0.0
2023-09-01,163929.0,2023,9,4,0,1,0,0.2,2.8249999999999997,19.9,0.0
2023-09-02,162283.0,2023,9,5,1,1,0,0.0,2.2333333333333334,22.7625,0.0
2023-09-03,152086.0,2023,9,6,1,1,0,0.0,2.5875,24.787499999999998,0.0
2023-09-04,218744.0,2023,9,0,0,0,0,0.0,3.0708333333333333,24.379166666666666,0.0
2023-09-05,251064.0,2023,9,1,0,0,0,0.0,1.8125,25.929166666666664,0.0
2023-09-06,248542.0,2023,9,2,0,0,0,0.0,1.7708333333333333,26.479166666666668,0.0
2023-09-07,256780.0,2023,9,3,0,0,0,0.0,1.3875,25.25,0.0
2023-09-08,218910.0,2023,9,4,0,0,0,0.0,1.4749999999999999,27.354166666666668,0.0
2023-09-09,177651.0,2023,9,5,1,0,0,0.0,2.1958333333333333,27.875,0.0
2023-09-10,151750.0,2023,9,6,1,0,0,0.0,2.0625,27.495833333333334,0.0
2023-09-11,230314.0,2023,9,0,0,0,0,0.0,2.845833333333333,23.75,0.0
2023-09-12,190728.0,2023,9,1,0,0,0,10.700000000000001,2.029166666666667,19.208333333333332,0.0
2023-09-13,,2023,9,2,0,0,0,0.4,1.5625,19.195833333333333,0.0
2023-09-14,,2023,9,3,0,0,0,0.0,1.45,19.75,0.0
2023-09-15,234195.0,2023,9,4,0,0,0,0.0,1.8708333333333333,20.966666666666665,0.0
2023-09-16,192345.0,2023,9,5,1,0,0,0.0,1.375,21.0125,0.0
2023-09-17,185838.0,2023,9,6,1,0,0,5.9,2.120833333333333,21.329166666666666,0.0
2023-09-18,206789.0,2023,9,0,0,0,0,6.2,3.829166666666667,19.170833333333334,0.0
2023-09-19,252461.0,2023,9,1,0,0,0,0.0,3.516666666666667,17.554166666666667,0.0
2023-09-20,251564.0,2023,9,2,0,0,0,0.0,3.920833333333333,20.095833333333335,0.0
2023-09-21,151694.0,2023,9,3,0,0,0,13.1,3.6166666666666667,16.454166666666666,0.0
2023-09-22,173963.0,2023,9,4,0,0,0,3.2,3.4916666666666667,13.891666666666666,0.0
2023-09-23,164324.0,2023,9,5,1,0,0,0.0,2.1625,13.883333333333333,0.0
2023-09-24,160454.0,2023,9,6,1,0,0,0.0,2.6166666666666667,14.658333333333333,0.0
2023-09-25,224439.0,2023,9,0,0,0,0,0.0,1.6916666666666667,16.95,0.0
2023-09-26,257738.0,2023,9,1,0,0,0,0.0,1.7625,19.05,0.0
2023-09-27,254717.0,2023,9,2,0,0,0,0.0,2.3916666666666666,20.320833333333333,0.0
2023-09-28,259102.0,2023,9,3,0,0,0,0.0,2.2375000000000003,19.645833333333332,0.0
2023-09-29,224871.0,2023,9,4,0,0,0,0.0,3.3000000000000003,18.879166666666666,0.0
2023-09-30,,2023,9,5,1,0,0,0.0,1.3833333333333335,16.8,0.0
2023-10-01,179160.0,2023,10,6,1,0,0,0.2,1.9916666666666665,19.175,0.0
2023-10-02,244076.0,2023,10,0,0,0,0,0.0,2.370833333333333,20.866666666666667,0.0
2023-10-03,,2023,10,1,0,0,0,1.0,3.204166666666667,18.504166666666666,0.0
2023-10-04,249994.0,2023,10,2,0,0,0,0.0,1.7208333333333332,14.5875,0.0
2023-10-05,258294.0,2023,10,3,0,0,0,0.0,1.4083333333333332,14.870833333333332,0.0
2023-10-06,228686.0,2023,10,4,0,0,0,0.0,1.4375,14.950000000000001,0.0
2023-10-07,195773.0,2023,10,5,1,0,0,0.0,1.7625,17.2,0.0
2023-10-08,177478.0,2023,10,6,1,0,0,0.0,1.2333333333333334,18.783333333333335,0.0
2023-10-09,239591.0,2023,10,0,0,0,0,0.2,1.3416666666666668,19.129166666666666,0.0
2023-10-10,233768.0,2023,10,1,0,0,0,0.0,2.0083333333333333,19.158333333333335,0.0
2023-10-11,258720.0,2023,10,2,0,0,0,0.0,2.433333333333333,19.008333333333333,0.0
2023-10-12,224358.0,2023,10,3,0,0,0,3.9,2.379166666666667,19.066666666666666,0.0
2023-10-13,226469.0,2023,10,4,0,0,0,0.4,4.920833333333333,20.779166666666665,0.0
2023-10-14,162461.0,2023,10,5,1,0,0,1.5999999999999999,3.408333333333333,13.6625,0.0
2023-10-15,143701.0,2023,10,6,1,0,0,0.0,2.5541666666666667,10.6125,0.0
2023-10-16,210229.0,2023,10,0,0,0,0,0.0,3.4958333333333336,9.316666666666666,0.0
2023-10-17,236411.0,2023,10,1,0,0,0,0.0,2.566666666666667,11.058333333333335,0.0
2023-10-18,189824.0,2023,10,2,0,0,0,6.0,3.408333333333333,15.091666666666667,0.0
2023-10-19,217625.0,2023,10,3,0,0,0,1.0,3.8125,17.604166666666668,0.0
2023-10-20,175865.0,2023,10,4,0,0,0,10.1,2.5416666666666665,15.125,0.0
2023-10-21,111178.0,2023,10,5,1,1,0,5.0,5.891666666666667,13.375,0.0
2023-10-22,149609.0,2023,10,6,1,1,0,0.2,2.8833333333333333,12.791666666666666,0.0
2023-10-23,164312.0,2023,10,0,0,1,0,6.5,2.245833333333333,10.770833333333334,0.0
2023-10-24,208842.0,2023,10,1,0,1,0,1.2,2.6875,12.970833333333333,0.0
2023-10-25,173668.0,2023,10,2,0,1,0,8.6,3.3375,13.025,0.0
2023-10-26,171352.0,2023,10,3,0,1,0,21.8,2.779166666666667,13.104166666666666,0.0
2023-10-27,152000.0,2023,10,4,0,1,0,1.6,3.3208333333333333,12.220833333333333,0.0
2023-10-28,94596.0,2023,10,5,1,1,0,9.2,4.633333333333334,12.783333333333333,0.0
2023-10-29,90298.0,2023,10,6,1,1,0,2.8,4.533333333333333,13.441666666666668,0.0
2023-10-30,108805.0,2023,10,0,0,1,0,7.8999999999999995,2.1374999999999997,11.375,0.0
2023-10-31,,2023,10,1,0,1,0,0.2,3.266666666666667,12.191666666666668,0.0
2023-11-01,99043.0,2023,11,2,0,1,1,1.2000000000000002,4.629166666666666,12.375,0.0
2023-11-02,114505.0,2023,11,3,0,1,0,9.2,7.2,11.641666666666666,0.0
2023-11-03,140818.0,2023,11,4,0,1,0,0.2,3.2375000000000003,8.266666666666667,0.0
2023-11-04,84728.0,2023,11,5,1,1,0,10.5,5.358333333333333,10.558333333333334,0.0
2023-11-05,84051.0,2023,11,6,1,1,0,1.8,4.870833333333334,11.391666666666666,0.0
2023-11-06,176926.0,2023,11,0,0,0,0,0.6000000000000001,3.6875,10.4125,0.0
2023-11-07,210264.0,2023,11,1,0,0,0,0.0,3.420833333333333,9.766666666666667,0.0
2023-11-08,184770.0,2023,11,2,0,0,0,1.2,4.595833333333333,9.929166666666665,0.0
2023-11-09,187768.0,2023,11,3,0,0,0,2.4,3.7708333333333335,9.7875,0.0
2023-11-10,159585.0,2023,11,4,0,0,0,2.4,4.595833333333333,8.870833333333334,0.0
2023-11-11,120291.0,2023,11,5,1,0,1,1.0,2.4583333333333335,8.270833333333334,0.0
2023-11-12,75285.0,2023,11,6,1,0,0,9.9,2.9458333333333333,9.679166666666667,0.0
2023-11-13,155331.0,2023,11,0,0,0,0,3.4,4.3,14.520833333333334,0.0
2023-11-14,180572.0,2023,11,1,0,0,0,1.4,4.6125,12.470833333333333,0.0
2023-11-15,203505.0,2023,11,2,0,0,0,0.0,3.533333333333333,10.820833333333333,0.0
2023-11-16,,2023,11,3,0,0,0,20.7,3.1374999999999997,9.008333333333333,0.0
2023-11-17,165145.0,2023,11,4,0,0,0,2.6,2.4,9.054166666666667,0.0
2023-11-18,74392.0,2023,11,5,1,0,0,14.1,3.4375,10.975,0.0
2023-11-19,118348.0,2023,11,6,1,0,0,0.0,3.8958333333333335,13.258333333333333,0.0
2023-11-20,173748.0,2023,11,0,0,0,0,1.2,3.5833333333333335,10.879166666666668,0.0
2023-11-21,175226.0,2023,11,1,0,0,0,2.2,3.404166666666667,10.862499999999999,0.0
2023-11-22,186114.0,2023,11,2,0,0,0,0.0,3.7541666666666664,7.929166666666667,0.0
2023-11-23,184433.0,2023,11,3,0,0,0,0.2,2.275,10.504166666666666,0.0
2023-11-24,166045.0,2023,11,4,0,0,0,0.4,4.204166666666667,9.404166666666667,0.0
2023-11-25,124934.0,2023,11,5,1,0,0,0.0,3.375,5.495833333333334,0.0
2023-11-26,95330.0,2023,11,6,1,0,0,0.0,2.158333333333333,4.295833333333333,0.0
2023-11-27,123608.0,2023,11,0,0,0,0,7.0,3.7291666666666665,6.504166666666666,0.0
2023-11-28,190778.0,2023,11,1,0,0,0,0.6000000000000001,3.404166666666667,5.720833333333334,0.0
2023-11-29,182726.0,2023,11,2,0,0,0,0.0,2.1416666666666666,5.55,0.0
2023-11-30,,2023,11,3,0,0,0,0.0,2.341666666666667,4.816666666666666,0.0
2023-12-01,152826.0,2023,12,4,0,0,0,0.0,3.5208333333333335,2.9250000000000003,0.0
2023-12-02,,2023,12,5,1,0,0,0.0,3.0041666666666664,0.775,0.0
2023-12-03,,2023,12,6,1,0,0,0.0,4.0874999999999995,1.1458333333333333,0.0
2023-12-04,111231.0,2023,12,0,0,0,0,11.5,4.045833333333333,6.375,0.0
2023-12-05,156429.0,2023,12,1,0,0,0,6.0,3.9291666666666667,7.495833333333334,0.0
2023-12-06,185380.0,2023,12,2,0,0,0,0.0,2.1333333333333333,6.104166666666667,0.0
2023-12-07,170856.0,2023,12,3,0,0,0,9.7,3.6291666666666664,4.633333333333334,0.0
2023-12-08,162772.0,2023,12,4,0,0,0,0.4,2.216666666666667,8.4125,0.0
2023-12-09,72203.0,2023,12,5,1,0,0,17.1,5.554166666666667,9.604166666666666,0.0
2023-12-10,83667.0,2023,12,6,1,0,0,3.6,4.429166666666666,10.491666666666667,0.0
2023-12-11,176719.0,2023,12,0,0,0,0,0.0,2.7083333333333335,11.183333333333332,0.0
2023-12-12,182986.0,2023,12,1,0,0,0,1.8,3.0541666666666667,11.620833333333332,0.0
2023-12-13,177004.0,2023,12,2,0,0,0,2.2,3.1791666666666667,8.895833333333334,0.0
2023-12-14,186895.0,2023,12,3,0,0,0,1.0,3.6791666666666667,8.1875,0.0
2023-12-15,172005.0,2023,12,4,0,0,0,0.6000000000000001,2.0416666666666665,9.225,0.0
2023-12-16,141832.0,2023,12,5,1,0,0,0.0,1.6666666666666667,7.2749999999999995,0.0
2023-12-17,103060.0,2023,12,6,1,0,0,0.0,1.9458333333333335,2.7541666666666664,0.0
2023-12-18,159409.0,2023,12,0,0,0,0,0.0,2.3208333333333333,1.9124999999999999,0.0
2023-12-19,163105.0,2023,12,1,0,0,0,2.2,3.4875000000000003,6.616666666666666,0.0
2023-12-20,171355.0,2023,12,2,0,0,0,0.0,3.670833333333333,8.433333333333334,0.0
2023-12-21,157790.0,2023,12,3,0,0,0,0.4,4.675,11.066666666666668,0.0
2023-12-22,124263.0,2023,12,4,0,0,0,1.0,4.433333333333334,10.5,0.0
2023-12-23,78085.0,2023,12,5,1,1,0,0.0,4.195833333333334,10.5875,0.0
2023-12-24,45749.0,2023,12,6,1,1,0,0.0,4.595833333333333,11.241666666666667,0.0
2023-12-25,33902.0,2023,12,0,0,1,1,0.0,3.733333333333333,11.775,0.0
2023-12-26,66229.0,2023,12,1,0,1,0,0.4,2.9166666666666665,10.7875,0.0
2023-12-27,81690.0,2023,12,2,0,1,0,0.0,4.375,9.629166666666666,0.0
2023-12-28,88886.0,2023,12,3,0,1,0,0.0,3.8708333333333336,10.366666666666667,0.0
2023-12-29,83523.0,2023,12,4,0,1,0,1.0,4.645833333333333,10.512500000000001,0.0
2023-12-30,74686.0,2023,12,5,1,1,0,0.0,3.6166666666666667,9.241666666666667,0.0
2023-12-31,,2023,12,6,1,1,0,1.4,6.191666666666666,9.325000000000001,0.0
2024-01-01,54034.0,2024,1,0,0,1,1,5.6,4.704166666666667,8.295833333333333,0.0
2024-01-02,67924.0,2024,1,1,0,1,0,10.9,7.6000000000000005,10.970833333333333,0.0
2024-01-03,108785.0,2024,1,2,0,1,0,6.6000000000000005,5.55,10.704166666666666,0.0
2024-01-04,138736.0,2024,1,3,0,1,0,0.0,4.583333333333333,9.65,0.0
2024-01-05,136752.0,2024,1,4,0,1,0,0.0,3.1916666666666664,7.7625,0.0
2024-01-06,103655.0,2024,1,5,1,1,0,0.8,4.020833333333333,6.233333333333333,0.0
2024-01-07,76919.0,2024,1,6,1,1,0,0.0,5.175,3.5208333333333335,1.0
2024-01-08,134628.0,2024,1,0,0,0,0,0.4,4.975,-0.6458333333333334,3.0
2024-01-09,126131.0,2024,1,1,0,0,0,0.0,3.5708333333333333,-1.5916666666666668,16.0
2024-01-10,135688.0,2024,1,2,0,0,0,0.0,2.5416666666666665,-0.5583333333333333,0.0
2024-01-11,152789.0,2024,1,3,0,0,0,0.0,4.0249999999999995,-0.02083333333333334,0.0
2024-01-12,138178.0,2024,1,4,0,0,0,0.0,3.6125000000000003,1.9166666666666667,0.0
2024-01-13,94106.0,2024,1,5,1,0,0,0.0,1.5333333333333332,-1.0166666666666666,0.0
2024-01-14,69633.0,2024,1,6,1,0,0,0.0,1.9708333333333332,-1.4875,0.0
2024-01-15,149235.0,2024,1,0,0,0,0,0.0,2.670833333333333,2.1333333333333333,0.0
2024-01-16,159907.0,2024,1,1,0,0,0,0.0,1.8041666666666665,-0.2625,0.0
2024-01-17,80183.0,2024,1,2,0,0,0,24.1,2.4791666666666665,1.8208333333333335,0.0
2024-01-18,104963.0,2024,1,3,0,0,0,8.9,4.033333333333333,0.9791666666666666,14.0
2024-01-19,121492.0,2024,1,4,0,0,0,0.0,1.9041666666666668,0.10416666666666663,1.0
2024-01-20,93134.0,2024,1,5,1,0,0,0.0,2.2041666666666666,-0.6625,0.0
2024-01-21,76546.0,2024,1,6,1,0,0,0.0,4.575,4.395833333333333,0.0
2024-01-22,148911.0,2024,1,0,0,0,0,2.2,6.645833333333333,10.975,0.0
2024-01-23,166500.0,2024,1,1,0,0,0,0.4,3.8249999999999997,9.9375,0.0
2024-01-24,166233.0,2024,1,2,0,0,0,0.6,3.6875,13.441666666666668,0.0
2024-01-25,174616.0,2024,1,3,0,0,0,0.8,2.1999999999999997,11.441666666666668,0.0
2024-01-26,151357.0,2024,1,4,0,0,0,1.0,3.6958333333333333,10.262500000000001,0.0
2024-01-27,119402.0,2024,1,5,1,0,0,0.0,2.029166666666667,4.704166666666667,0.0
2024-01-28,94567.0,2024,1,6,1,0,0,0.0,2.316666666666667,5.070833333333334,0.0
2024-01-29,165496.0,2024,1,0,0,0,0,0.0,2.6958333333333333,8.799999999999999,0.0
2024-01-30,183563.0,2024,1,1,0,0,0,0.0,2.2416666666666667,10.0875,0.0
2024-01-31,181545.0,2024,1,2,0,0,0,0.0,2.2375000000000003,8.237499999999999,0.0
2024-02-01,173257.0,2024,2,3,0,0,0,1.4,2.4541666666666666,10.195833333333333,0.0
2024-02-02,165209.0,2024,2,4,0,0,0,0.0,2.3625000000000003,6.920833333333333,0.0
2024-02-03,118175.0,2024,2,5,1,0,0,0.2,2.316666666666667,9.8125,0.0
2024-02-04,99268.0,2024,2,6,1,0,0,0.0,3.1041666666666665,9.887500000000001,0.0
2024-02-05,167168.0,2024,2,0,0,0,0,0.0,3.4916666666666667,8.737499999999999,0.0
2024-02-06,184780.0,2024,2,1,0,0,0,0.0,4.808333333333334,10.054166666666667,0.0
2024-02-07,141039.0,2024,2,2,0,0,0,5.4,5.1375,11.558333333333332,0.0
2024-02-08,152341.0,2024,2,3,0,0,0,6.8,4.666666666666667,12.158333333333333,0.0
2024-02-09,157243.0,2024,2,4,0,0,0,0.0,4.6375,11.595833333333333,0.0
2024-02-10,79580.0,2024,2,5,1,1,0,6.3,2.3208333333333333,8.674999999999999,0.0
2024-02-11,81532.0,2024,2,6,1,1,0,0.6000000000000001,4.116666666666666,9.033333333333333,0.0
2024-02-12,154243.0,2024,2,0,0,1,0,0.0,1.8291666666666666,7.620833333333334,0.0
2024-02-13,171389.0,2024,2,1,0,1,0,0.2,3.4499999999999997,7.554166666666667,0.0
2024-02-14,169853.0,2024,2,2,0,1,0,0.0,3.5,12.333333333333334,0.0
2024-02-15,187741.0,2024,2,3,0,1,0,0.2,2.775,14.054166666666667,0.0
2024-02-16,151799.0,2024,2,4,0,1,0,0.2,3.6916666666666664,13.35,0.0
2024-02-17,145044.0,2024,2,5,1,1,0,0.0,2.2916666666666665,11.729166666666666,0.0
2024-02-18,63031.0,2024,2,6,1,1,0,3.4000000000000004,3.3791666666666664,9.6625,0.0
2024-02-19,146747.0,2024,2,0,0,1,0,0.2,2.975,10.875,0.0
2024-02-20,171954.0,2024,2,1,0,1,0,0.0,2.5083333333333333,8.579166666666667,0.0
2024-02-21,127556.0,2024,2,2,0,1,0,10.3,4.479166666666667,8.783333333333333,0.0
2024-02-22,107398.0,2024,2,3,0,1,0,14.1,6.2250000000000005,10.741666666666667,0.0
2024-02-23,129489.0,2024,2,4,0,1,0,0.6000000000000001,4.258333333333334,6.2250000000000005,0.0
2024-02-24,99283.0,2024,2,5,1,1,0,5.199999999999999,4.179166666666666,5.75,0.0
2024-02-25,60850.0,2024,2,6,1,1,0,5.6,3.966666666666667,6.983333333333333,0.0
2024-02-26,122472.0,2024,2,0,0,0,0,8.200000000000001,4.3374999999999995,7.866666666666667,0.0
2024-02-27,186246.0,2024,2,1,0,0,0,0.6,5.325,6.75,0.0
2024-02-28,191759.0,2024,2,2,0,0,0,0.0,2.3333333333333335,7.141666666666667,0.0
2024-02-29,171022.0,2024,2,3,0,0,0,4.199999999999999,3.775,9.241666666666667,0.0
2024-03-01,151865.0,2024,3,4,0,0,0,5.5,4.7124999999999995,7.445833333333333,0.0
2024-03-02,64658.0,2024,3,5,1,0,0,15.9,2.9458333333333333,6.504166666666666,0.0
2024-03-03,100972.0,2024,3,6,1,0,0,2.2,2.525,6.966666666666666,0.0
2024-03-04,189395.0,2024,3,0,0,0,0,0.0,2.3625000000000003,7.395833333333333,0.0
2024-03-05,186044.0,2024,3,1,0,0,0,4.2,3.1833333333333336,7.604166666666667,0.0
2024-03-06,192146.0,2024,3,2,0,0,0,0.6,2.0,7.3374999999999995,0.0
2024-03-07,212295.0,2024,3,3,0,0,0,0.0,2.7583333333333333,8.375,0.0
2024-03-08,186514.0,2024,3,4,0,0,0,0.0,3.9250000000000003,9.129166666666666,0.0
2024-03-09,104368.0,2024,3,5,1,0,0,6.5,3.3541666666666665,9.1875,0.0
2024-03-10,95860.0,2024,3,6,1,0,0,0.0,2.125,8.612499999999999,0.0
2024-03-11,162958.0,2024,3,0,0,0,0,1.2,2.8125,8.9125,0.0
2024-03-12,160331.0,2024,3,1,0,0,0,6.6,3.0875,9.9375,0.0
2024-03-13,194044.0,2024,3,2,0,0,0,0.0,2.3874999999999997,11.725,0.0
2024-03-14,217778.0,2024,3,3,0,0,0,0.2,2.7458333333333336,12.558333333333332,0.0
2024-03-15,150387.0,2024,3,4,0,0,0,3.0,3.6333333333333333,13.941666666666668,0.0
2024-03-16,138515.0,2024,3,5,1,0,0,0.2,2.858333333333333,12.429166666666667,0.0
2024-03-17,74867.0,2024,3,6,1,0,0,3.2,2.379166666666667,12.279166666666667,0.0
2024-03-18,194194.0,2024,3,0,0,0,0,0.2,1.9749999999999999,14.208333333333334,0.0
2024-03-19,225451.0,2024,3,1,0,0,0,0.0,1.5708333333333335,13.4,0.0
2024-03-20,228014.0,2024,3,2,0,0,0,0.2,1.4041666666666668,14.887500000000001,0.0
2024-03-21,239032.0,2024,3,3,0,0,0,0.0,1.9666666666666668,15.283333333333333,0.0
2024-03-22,206546.0,2024,3,4,0,0,0,2.2,2.7416666666666667,13.779166666666667,0.0
2024-03-23,102185.0,2024,3,5,1,0,0,5.2,4.270833333333333,7.770833333333333,0.0
2024-03-24,111042.0,2024,3,6,1,0,0,0.0,3.8208333333333333,8.095833333333333,0.0
2024-03-25,198449.0,2024,3,0,0,0,0,0.0,3.2624999999999997,9.112499999999999,0.0
2024-03-26,149346.0,2024,3,1,0,0,0,6.0,2.9958333333333336,9.729166666666666,0.0
2024-03-27,190047.0,2024,3,2,0,0,0,0.0,4.283333333333333,8.920833333333333,0.0
2024-03-28,187997.0,2024,3,3,0,0,0,4.0,5.745833333333334,9.5625,0.0
2024-03-29,146618.0,2024,3,4,0,0,0,7.0,3.6791666666666667,11.112499999999999,0.0
2024-03-30,97845.0,2024,3,5,1,0,0,9.3,2.4541666666666666,9.075000000000001,0.0
2024-03-31,86343.0,2024,3,6,1,0,0,2.6,2.6458333333333335,11.095833333333333,0.0
2024-04-01,87359.0,2024,4,0,0,0,1,0.6000000000000001,3.7375000000000003,10.645833333333334,0.0
2024-04-02,178943.0,2024,4,1,0,0,0,1.6,4.25,10.970833333333333,0.0
2024-04-03,178446.0,2024,4,2,0,0,0,6.5,4.358333333333333,13.383333333333333,0.0
2024-04-04,160693.0,2024,4,3,0,0,0,22.0,4.95,14.775,0.0
2024-04-05,178999.0,2024,4,4,0,0,0,0.6000000000000001,3.529166666666667,15.683333333333332,0.0
2024-04-06,169301.0,2024,4,5,1,1,0,0.0,4.0375000000000005,18.241666666666667,0.0
2024-04-07,96323.0,2024,4,6,1,1,0,4.0,2.7583333333333333,16.029166666666665,0.0
2024-04-08,165811.0,2024,4,0,0,1,0,1.2000000000000002,3.0208333333333335,15.908333333333333,0.0
2024-04-09,166517.0,2024,4,1,0,1,0,0.6000000000000001,4.479166666666667,10.329166666666667,0.0
2024-04-10,185051.0,2024,4,2,0,1,0,0.0,2.3000000000000003,11.729166666666666,0.0
2024-04-11,182237.0,2024,4,3,0,1,0,0.0,2.025,15.016666666666666,0.0
2024-04-12,192451.0,2024,4,4,0,1,0,0.2,2.120833333333333,17.258333333333333,0.0
2024-04-13,164614.0,2024,4,5,1,1,0,0.0,2.7708333333333335,19.733333333333334,0.0
2024-04-14,118385.0,2024,4,6,1,1,0,0.0,2.7083333333333335,15.616666666666667,0.0
2024-04-15,134322.0,2024,4,0,0,1,0,3.0,4.545833333333333,10.758333333333333,0.0
2024-04-16,148028.0,2024,4,1,0,1,0,3.8,4.720833333333333,9.554166666666667,0.0
2024-04-17,156793.0,2024,4,2,0,1,0,1.6,3.4125,8.512500000000001,0.0
2024-04-18,176931.0,2024,4,3,0,1,0,1.5999999999999999,2.441666666666667,8.741666666666667,0.0
2024-04-19,132895.0,2024,4,4,0,1,0,3.4000000000000004,3.745833333333333,9.854166666666666,0.0
2024-04-20,119071.0,2024,4,5,1,1,0,0.0,4.254166666666666,7.9624999999999995,0.0
2024-04-21,100297.0,2024,4,6,1,1,0,0.6,4.595833333333333,8.174999999999999,0.0
2024-04-22,183188.0,2024,4,0,0,0,0,0.4,3.8833333333333333,7.670833333333333,0.0
2024-04-23,213316.0,2024,4,1,0,0,0,0.0,3.266666666666667,8.075000000000001,0.0
2024-04-24,197850.0,2024,4,2,0,0,0,0.2,3.8958333333333335,8.345833333333333,0.0
2024-04-25,220710.0,2024,4,3,0,0,0,0.0,2.1625,9.683333333333334,0.0
2024-04-26,200453.0,2024,4,4,0,0,0,1.2000000000000002,2.5541666666666667,11.720833333333333,0.0
2024-04-27,107810.0,2024,4,5,1,0,0,9.2,2.8791666666666664,12.441666666666668,0.0
2024-04-28,123769.0,2024,4,6,1,0,0,0.2,3.9375,12.6,0.0
2024-04-29,211788.0,2024,4,0,0,0,0,0.0,2.4541666666666666,13.924999999999999,0.0
2024-04-30,192491.0,2024,4,1,0,0,0,0.8,3.220833333333333,15.1625,0.0
2024-05-01,130795.0,2024,5,2,0,0,1,10.5,2.4291666666666667,16.25,0.0
2024-05-02,151409.0,2024,5,3,0,0,0,5.6,3.1208333333333336,11.6,0.0
2024-05-03,187423.0,2024,5,4,0,0,0,0.0,3.579166666666667,12.645833333333334,0.0
2024-05-04,122320.0,2024,5,5,1,0,0,0.6000000000000001,2.0708333333333333,10.966666666666667,0.0
2024-05-05,92570.0,2024,5,6,1,0,0,2.0,2.0416666666666665,13.670833333333334,0.0
2024-05-06,177270.0,2024,5,0,0,0,0,3.2,2.725,14.1625,0.0
2024-05-07,198593.0,2024,5,1,0,0,0,0.2,3.2416666666666667,15.025,0.0
2024-05-08,104900.0,2024,5,2,0,0,1,0.0,3.283333333333333,12.295833333333334,0.0
2024-05-09,119110.0,2024,5,3,0,0,1,0.0,2.6166666666666667,15.012500000000001,0.0
2024-05-10,142341.0,2024,5,4,0,0,0,0.0,2.904166666666667,19.150000000000002,0.0
2024-05-11,145241.0,2024,5,5,1,0,0,0.0,2.308333333333333,20.8,0.0
2024-05-12,100151.0,2024,5,6,1,0,0,2.2,1.8416666666666668,19.6375,0.0
2024-05-13,202256.0,2024,5,0,0,0,0,0.2,3.095833333333333,18.608333333333334,0.0
2024-05-14,138630.0,2024,5,1,0,0,0,12.5,2.5833333333333335,15.208333333333334,0.0
2024-05-15,220540.0,2024,5,2,0,0,0,0.8,2.2875,16.216666666666665,0.0
2024-05-16,232073.0,2024,5,3,0,0,0,1.2,2.6999999999999997,15.941666666666668,0.0
2024-05-17,203365.0,2024,5,4,0,0,0,0.0,1.7750000000000001,15.833333333333334,0.0
2024-05-18,153761.0,2024,5,5,1,0,0,1.0,2.1875,16.408333333333335,0.0
2024-05-19,121636.0,2024,5,6,1,0,0,2.6,1.7833333333333332,16.849999999999998,0.0
2024-05-20,131158.0,2024,5,0,0,0,1,11.0,2.404166666666667,16.724999999999998,0.0
2024-05-21,213521.0,2024,5,1,0,0,0,5.0,2.341666666666667,16.175,0.0
2024-05-22,215952.0,2024,5,2,0,0,0,0.8,2.966666666666667,16.179166666666667,0.0
2024-05-23,227324.0,2024,5,3,0,0,0,0.2,2.0416666666666665,16.041666666666668,0.0
2024-05-24,216785.0,2024,5,4,0,0,0,0.0,2.766666666666667,16.154166666666665,0.0
2024-05-25,195466.0,2024,5,5,1,0,0,0.0,2.3000000000000003,17.616666666666667,0.0
2024-05-26,147343.0,2024,5,6,1,0,0,0.0,3.2458333333333336,18.504166666666666,0.0
2024-05-27,204588.0,2024,5,0,0,0,0,1.0,2.2375000000000003,15.154166666666667,0.0
2024-05-28,200150.0,2024,5,1,0,0,0,2.6,2.9375,14.137500000000001,0.0
2024-05-29,138590.0,2024,5,2,0,0,0,18.6,3.1041666666666665,15.479166666666666,0.0
2024-05-30,186362.0,2024,5,3,0,0,0,8.3,3.1208333333333336,14.204166666666666,0.0
2024-05-31,168903.0,2024,5,4,0,0,0,4.8,3.6999999999999997,13.841666666666667,0.0
2024-06-01,104832.0,2024,6,5,1,0,0,3.8000000000000003,4.504166666666666,13.279166666666667,0.0
2024-06-02,122820.0,2024,6,6,1,0,0,0.0,4.6125,14.4625,0.0
2024-06-03,216520.0,2024,6,0,0,0,0,0.0,2.495833333333333,16.541666666666668,0.0
2024-06-04,245401.0,2024,6,1,0,0,0,0.0,2.558333333333333,19.495833333333334,0.0
2024-06-05,239686.0,2024,6,2,0,0,0,0.0,3.1166666666666667,17.716666666666665,0.0
2024-06-06,248270.0,2024,6,3,0,0,0,0.0,2.466666666666667,16.366666666666667,0.0
2024-06-07,231305.0,2024,6,4,0,0,0,0.0,2.0,17.054166666666667,0.0
2024-06-08,184659.0,2024,6,5,1,0,0,0.0,2.8625000000000003,17.129166666666666,0.0
2024-06-09,160309.0,2024,6,6,1,0,0,0.0,3.295833333333333,16.708333333333332,0.0
2024-06-10,193791.0,2024,6,0,0,0,0,1.0,3.5999999999999996,14.533333333333333,0.0
2024-06-11,223901.0,2024,6,1,0,0,0,0.0,2.2041666666666666,13.862499999999999,0.0
2024-06-12,225296.0,2024,6,2,0,0,0,0.0,1.7708333333333333,14.391666666666666,0.0
2024-06-13,235201.0,2024,6,3,0,0,0,0.0,2.904166666666667,16.841666666666665,0.0
2024-06-14,183912.0,2024,6,4,0,0,0,2.0,4.1375,16.883333333333333,0.0
2024-06-15,133128.0,2024,6,5,1,0,0,0.2,4.9125,14.987499999999999,0.0
2024-06-16,85846.0,2024,6,6,1,0,0,6.0,3.4958333333333336,15.608333333333334,0.0
2024-06-17,206765.0,2024,6,0,0,0,0,0.2,2.3000000000000003,19.033333333333335,0.0
2024-06-18,170783.0,2024,6,1,0,0,0,15.3,2.558333333333333,19.608333333333334,0.0
2024-06-19,222977.0,2024,6,2,0,0,0,0.0,3.8791666666666664,18.625,0.0
2024-06-20,230236.0,2024,6,3,0,0,0,0.2,2.504166666666667,19.345833333333335,0.0
2024-06-21,190226.0,2024,6,4,0,0,0,3.8,2.2125,19.554166666666667,0.0
2024-06-22,154622.0,2024,6,5,1,0,0,2.2,3.25,17.537499999999998,0.0
2024-06-23,163650.0,2024,6,6,1,0,0,0.0,1.6583333333333332,19.287499999999998,0.0
2024-06-24,232039.0,2024,6,0,0,0,0,0.0,2.5208333333333335,22.754166666666666,0.0
2024-06-25,255400.0,2024,6,1,0,0,0,0.0,2.704166666666667,24.833333333333332,0.0
2024-06-26,247665.0,2024,6,2,0,0,0,0.0,2.2041666666666666,25.6125,0.0
2024-06-27,246213.0,2024,6,3,0,0,0,0.0,2.9375,24.900000000000002,0.0
2024-06-28,217015.0,2024,6,4,0,0,0,0.0,2.5541666666666667,19.516666666666666,0.0
2024-06-29,142857.0,2024,6,5,1,0,0,0.0,3.9375,19.275000000000002,0.0
2024-06-30,142581.0,2024,6,6,1,0,0,0.6000000000000001,2.9625,19.745833333333334,0.0
2024-07-01,205527.0,2024,7,0,0,0,0,0.0,3.2347826086956526,18.108695652173914,0.0
